citizen_id,age_bracket,location_type,income_tier,education_level,occupation_category,starting_resources,initial_connections,personality_openness,personality_conscientiousness,personality_extraversion,personality_agreeableness,personality_neuroticism
citizen_0000,55-64,urban_peripheral,lower,secondary,creative,211,3,4.8,2.8,5.5,4.6,4.7
citizen_0001,45-54,rural,lower,secondary,trade,181,7,5.2,5.4,7.0,5.1,4.8
citizen_0002,35-44,suburban,lower,secondary,technical,374,2,5.6,5.4,6.2,3.3,5.9
citizen_0003,65+,rural,middle,bachelor,education,1093,6,2.7,2.9,3.9,6.0,5.3
citizen_0004,65+,small_town,upper,bachelor,education,7202,13,5.7,6.2,3.9,3.0,4.8
citizen_0005,45-54,suburban,lower,bachelor,administrative,116,8,4.5,3.8,2.4,5.2,3.9
citizen_0006,35-44,rural,lower,secondary,education,481,6,5.4,6.7,6.6,3.6,5.5
citizen_0007,45-54,rural,middle,bachelor,trade,597,6,5.6,2,8,6.1,6.3
citizen_0008,25-34,rural,lower,bachelor,technical,448,7,3.5,6.3,3.9,5.2,2
citizen_0009,18-24,suburban,upper,graduate,technical,7896,16,3.8,4.8,5.8,7.4,5.0
citizen_0010,65+,urban_core,middle,bachelor,healthcare,1587,5,6.0,3.5,5.5,6.4,7.0
citizen_0011,45-54,suburban,middle,secondary,healthcare,1999,12,8,5.1,6.1,4.4,4.8
citizen_0012,65+,urban_peripheral,upper,bachelor,creative,9610,25,3.0,2,5.9,6.6,2
citizen_0013,55-64,small_town,middle,bachelor,education,1193,5,2.6,3.3,5.7,5.8,5.7
citizen_0014,45-54,urban_core,lower,secondary,service,209,6,5.4,8,5.4,4.6,5.2
citizen_0015,25-34,small_town,upper,bachelor,administrative,5532,19,7.2,5.6,2.3,5.2,5.6
citizen_0016,35-44,urban_core,middle,bachelor,service,1365,7,3.9,5.8,5.7,4.1,5.6
citizen_0017,25-34,small_town,lower,vocational,technical,485,8,6.5,8,6.8,7.0,2
citizen_0018,25-34,small_town,middle,bachelor,service,1927,13,5.1,5.1,2.4,7.2,5.3
citizen_0019,55-64,urban_peripheral,middle,secondary,service,1697,12,3.8,3.4,4.1,5.0,4.5
citizen_0020,45-54,rural,upper,secondary,technical,6667,15,5.3,4.5,7.7,6.2,2.1
citizen_0021,45-54,rural,lower,secondary,education,302,3,7.0,5.9,4.6,4.8,3.9
citizen_0022,55-64,urban_core,lower,secondary,service,278,2,2,6.4,5.6,5.0,5.3
citizen_0023,65+,rural,middle,secondary,healthcare,1636,9,6.1,2,2.1,4.9,4.8
citizen_0024,65+,suburban,lower,graduate,technical,451,7,6.9,3.4,5.7,6.0,5.3
citizen_0025,65+,urban_core,middle,secondary,technical,768,15,6.3,3.1,2.9,6.3,5.4
citizen_0026,65+,small_town,lower,bachelor,service,382,3,7.8,7.3,4.7,4.2,6.4
citizen_0027,35-44,urban_core,lower,secondary,education,308,6,5.3,5.3,6.1,7.1,6.6
citizen_0028,55-64,urban_peripheral,upper,secondary,creative,9079,15,5.2,4.8,4.9,3.7,7.4
citizen_0029,25-34,urban_core,middle,secondary,independent,967,8,3.9,5.5,7.7,3.8,5.3
citizen_0030,18-24,urban_core,lower,secondary,healthcare,233,3,3.9,6.4,3.8,2.4,4.8
citizen_0031,45-54,rural,upper,secondary,trade,2948,20,5.3,3.5,7.2,2,6.7
citizen_0032,65+,small_town,lower,secondary,service,320,2,2.3,4.7,3.6,2,4.9
citizen_0033,65+,urban_core,upper,bachelor,healthcare,6542,12,4.0,2.8,4.9,3.9,7.1
citizen_0034,25-34,urban_peripheral,middle,secondary,healthcare,1160,12,2.6,6.6,4.7,6.0,5.5
citizen_0035,35-44,urban_peripheral,middle,bachelor,technical,982,15,3.0,4.5,7.2,4.5,4.5
citizen_0036,35-44,urban_core,middle,secondary,administrative,1972,11,7.1,4.8,5.2,3.4,6.5
citizen_0037,45-54,urban_core,lower,bachelor,technical,337,2,3.7,5.2,4.0,5.8,2.8
citizen_0038,45-54,urban_peripheral,upper,secondary,independent,7893,24,2.8,2,2,2.9,6.6
citizen_0039,35-44,urban_peripheral,upper,bachelor,independent,8371,24,3.7,2.6,5.8,5.6,4.0
citizen_0040,45-54,suburban,lower,bachelor,administrative,461,3,4.8,6.3,4.2,4.8,5.3
citizen_0041,18-24,small_town,middle,bachelor,service,1925,5,7.3,5.4,6.5,6.6,3.9
citizen_0042,65+,urban_core,middle,bachelor,education,1736,8,4.6,6.4,7.2,3.2,2.6
citizen_0043,45-54,small_town,lower,bachelor,education,165,6,4.4,3.7,2.7,4.5,2.2
citizen_0044,45-54,urban_core,upper,bachelor,technical,4678,18,4.5,4.4,4.5,5.1,4.2
citizen_0045,55-64,small_town,middle,graduate,healthcare,1217,8,5.7,5.9,3.5,5.0,4.5
citizen_0046,55-64,urban_core,middle,bachelor,administrative,947,12,5.1,5.3,5.4,5.6,4.1
citizen_0047,55-64,rural,middle,secondary,technical,1139,14,3.3,5.2,4.1,4.3,6.8
citizen_0048,55-64,urban_peripheral,upper,bachelor,technical,8599,11,2.6,3.5,5.1,7.3,4.3
citizen_0049,65+,rural,middle,secondary,trade,1361,12,7.2,4.7,4.5,4.9,4.8
citizen_0050,18-24,small_town,upper,bachelor,creative,5961,22,2.8,6.0,6.2,4.7,5.7
citizen_0051,35-44,urban_peripheral,middle,secondary,technical,1869,11,3.3,4.7,6.6,5.0,3.1
citizen_0052,35-44,small_town,middle,secondary,administrative,1559,8,4.3,5.9,4.6,7.0,6.4
citizen_0053,18-24,urban_peripheral,middle,bachelor,independent,954,11,3.7,3.9,3.6,5.2,4.4
citizen_0054,55-64,small_town,lower,bachelor,education,161,7,2.8,6.1,3.9,7.0,4.9
citizen_0055,25-34,urban_peripheral,lower,bachelor,administrative,368,6,6.1,5.4,6.7,4.3,2
citizen_0056,25-34,urban_peripheral,lower,secondary,education,457,3,5.1,5.2,3.8,4.7,6.9
citizen_0057,55-64,urban_core,middle,secondary,healthcare,1479,6,4.7,3.4,5.3,5.2,5.4
citizen_0058,65+,urban_core,middle,secondary,creative,1742,14,6.1,6.6,3.4,8,6.9
citizen_0059,65+,small_town,lower,bachelor,independent,130,6,6.7,4.4,6.9,3.2,5.8
citizen_0060,65+,urban_peripheral,lower,graduate,healthcare,404,5,4.5,4.3,5.3,5.5,6.6
citizen_0061,25-34,small_town,lower,bachelor,technical,438,8,5.0,3.7,2,5.5,3.0
citizen_0062,65+,urban_peripheral,middle,bachelor,healthcare,1092,12,5.3,4.5,5.6,6.1,5.0
citizen_0063,25-34,suburban,middle,bachelor,independent,1737,9,3.1,3.1,5.8,6.9,3.4
citizen_0064,18-24,rural,lower,bachelor,service,433,5,7.2,5.0,4.9,5.4,5.1
citizen_0065,65+,small_town,lower,bachelor,technical,182,4,3.3,3.5,5.3,4.7,5.6
citizen_0066,35-44,small_town,middle,bachelor,service,503,15,3.7,5.4,3.2,8,3.5
citizen_0067,65+,rural,middle,secondary,education,1047,13,6.0,3.7,3.8,4.5,5.2
citizen_0068,25-34,small_town,lower,vocational,technical,308,2,7.1,5.4,5.7,2.8,4.9
citizen_0069,25-34,urban_core,upper,secondary,creative,8839,23,5.2,2.6,5.0,3.8,4.9
citizen_0070,65+,small_town,lower,bachelor,administrative,312,4,6.6,4.2,7.2,2.9,4.6
citizen_0071,65+,suburban,middle,graduate,healthcare,1415,13,7.6,6.0,3.3,3.4,2.5
citizen_0072,45-54,small_town,middle,graduate,independent,1342,5,7.8,3.8,6.1,4.9,2.8
citizen_0073,35-44,small_town,middle,vocational,trade,576,7,7.0,7.7,4.8,4.5,4.3
citizen_0074,45-54,small_town,middle,graduate,technical,1462,9,3.4,4.7,4.7,3.5,4.5
citizen_0075,35-44,suburban,middle,bachelor,trade,1609,5,4.3,7.0,4.4,6.3,3.9
citizen_0076,55-64,suburban,lower,bachelor,administrative,455,4,5.0,3.4,6.7,6.2,6.1
citizen_0077,65+,suburban,lower,graduate,education,192,3,3.8,4.4,5.6,3.1,4.6
citizen_0078,25-34,urban_peripheral,middle,bachelor,independent,1453,9,5.7,4.6,3.9,5.3,5.0
citizen_0079,55-64,suburban,lower,bachelor,healthcare,201,5,5.2,4.0,3.8,5.0,7.9
citizen_0080,65+,suburban,lower,bachelor,healthcare,451,8,6.3,4.9,7.2,4.7,4.7
citizen_0081,55-64,small_town,lower,bachelor,healthcare,197,6,6.9,5.2,3.9,5.3,4.0
citizen_0082,25-34,urban_peripheral,middle,graduate,technical,685,9,6.8,3.8,4.4,6.5,2.9
citizen_0083,35-44,rural,middle,secondary,education,1487,9,3.8,2,4.4,5.6,4.0
citizen_0084,55-64,urban_core,middle,secondary,creative,1642,10,5.0,3.9,4.0,3.0,2.7
citizen_0085,18-24,urban_core,middle,secondary,independent,1808,10,6.7,3.3,6.8,4.9,6.5
citizen_0086,18-24,rural,lower,secondary,education,309,2,5.9,4.5,7.6,6.1,6.1
citizen_0087,25-34,small_town,upper,secondary,technical,7493,25,4.3,7.6,6.8,6.1,6.2
citizen_0088,35-44,small_town,middle,secondary,technical,1411,8,6.0,3.2,6.1,4.5,4.6
citizen_0089,65+,rural,lower,bachelor,education,332,2,4.0,6.1,5.4,8,4.3
citizen_0090,55-64,urban_core,middle,bachelor,service,925,14,5.3,3.9,6.4,6.4,7.3
citizen_0091,25-34,urban_peripheral,upper,secondary,service,8542,13,6.1,4.3,8,6.9,4.9
citizen_0092,18-24,suburban,upper,secondary,administrative,2521,23,4.8,4.9,4.9,5.8,4.4
citizen_0093,35-44,small_town,middle,bachelor,administrative,1568,9,5.4,5.4,4.8,5.6,2.1
citizen_0094,35-44,small_town,upper,secondary,trade,3216,10,4.4,5.3,4.6,3.4,6.1
citizen_0095,25-34,suburban,middle,bachelor,trade,704,6,4.2,6.8,4.9,3.0,5.6
citizen_0096,65+,urban_peripheral,middle,graduate,trade,1375,10,4.0,5.3,4.1,6.4,4.4
citizen_0097,55-64,small_town,middle,secondary,technical,1264,7,5.3,5.5,5.3,2.7,6.0
citizen_0098,45-54,suburban,middle,bachelor,technical,1090,14,2.4,6.6,6.5,4.4,5.4
citizen_0099,35-44,urban_peripheral,lower,bachelor,independent,490,4,4.8,5.1,5.7,5.8,3.8
citizen_0100,45-54,rural,middle,graduate,service,1196,10,3.3,3.6,4.9,4.7,4.6
citizen_0101,18-24,small_town,upper,bachelor,technical,3763,20,7.5,6.3,6.7,7.4,5.5
citizen_0102,35-44,suburban,middle,secondary,technical,1369,12,5.6,4.4,5.0,4.5,6.4
citizen_0103,45-54,rural,middle,secondary,technical,1580,15,5.8,4.6,5.6,4.1,3.2
citizen_0104,35-44,urban_core,lower,vocational,service,354,7,6.0,8,5.3,2.5,4.8
citizen_0105,35-44,urban_peripheral,lower,bachelor,education,139,8,5.7,7.7,6.3,5.3,5.1
citizen_0106,35-44,small_town,middle,bachelor,healthcare,1242,6,5.2,5.2,3.8,7.4,2.9
citizen_0107,35-44,small_town,lower,bachelor,technical,186,2,3.1,4.0,5.8,4.3,6.1
citizen_0108,45-54,suburban,lower,bachelor,education,408,3,4.6,2.3,5.4,4.0,5.6
citizen_0109,55-64,small_town,middle,secondary,independent,1657,15,5.8,5.1,2.5,2,6.1
citizen_0110,55-64,suburban,middle,graduate,creative,652,9,3.4,5.6,3.2,3.0,3.8
citizen_0111,45-54,suburban,lower,secondary,technical,296,5,4.2,2.5,2,6.7,6.1
citizen_0112,45-54,urban_core,upper,graduate,independent,5691,11,6.6,3.9,5.8,6.9,2
citizen_0113,65+,urban_core,middle,vocational,creative,1749,7,5.0,7.3,5.6,6.8,4.9
citizen_0114,35-44,suburban,upper,bachelor,service,7929,12,5.5,2.9,5.6,5.3,4.5
citizen_0115,35-44,suburban,middle,secondary,healthcare,674,9,3.9,7.3,4.5,3.4,6.3
citizen_0116,45-54,urban_peripheral,middle,secondary,technical,1496,8,4.0,3.8,4.1,6.1,5.4
citizen_0117,25-34,urban_core,lower,secondary,service,178,3,5.9,3.4,2.4,3.5,3.6
citizen_0118,25-34,urban_peripheral,middle,bachelor,independent,1420,8,6.4,5.4,4.2,2,3.1
citizen_0119,45-54,small_town,lower,graduate,administrative,244,8,3.4,2.5,7.7,6.7,4.8
citizen_0120,35-44,urban_peripheral,middle,vocational,creative,1557,6,5.3,4.6,3.6,5.2,7.2
citizen_0121,25-34,rural,middle,secondary,creative,1216,5,4.1,5.3,4.4,7.3,3.5
citizen_0122,35-44,small_town,middle,secondary,technical,782,5,4.7,5.3,7.6,3.8,3.4
citizen_0123,25-34,urban_peripheral,middle,bachelor,independent,807,13,2.9,4.9,5.0,6.0,5.6
citizen_0124,65+,suburban,middle,bachelor,administrative,1524,14,4.9,5.4,2.7,6.3,4.3
citizen_0125,45-54,urban_peripheral,middle,bachelor,healthcare,1861,15,5.2,3.1,5.9,5.1,6.6
citizen_0126,18-24,rural,upper,secondary,service,8460,10,3.7,6.1,2.2,2,5.0
citizen_0127,35-44,rural,middle,bachelor,education,1903,12,5.3,5.9,6.0,3.9,6.8
citizen_0128,65+,urban_peripheral,middle,secondary,technical,1147,9,4.2,2,6.0,5.2,5.8
citizen_0129,45-54,suburban,upper,bachelor,service,9093,18,2,5.0,4.0,3.4,7.0
citizen_0130,25-34,small_town,middle,bachelor,independent,1564,9,6.2,4.1,6.7,4.7,2
citizen_0131,65+,rural,middle,secondary,creative,1128,12,5.1,3.7,4.6,6.9,6.1
citizen_0132,45-54,suburban,middle,bachelor,independent,618,6,7.9,5.8,2,8,4.4
citizen_0133,55-64,urban_peripheral,middle,bachelor,service,638,8,8,6.3,6.6,5.1,4.6
citizen_0134,65+,rural,middle,bachelor,service,1585,10,3.2,3.6,6.4,4.5,5.2
citizen_0135,35-44,urban_core,middle,secondary,service,1037,9,3.0,4.8,3.2,3.5,6.3
citizen_0136,55-64,small_town,lower,bachelor,administrative,449,8,7.1,7.0,2,6.0,4.4
citizen_0137,65+,rural,middle,bachelor,healthcare,1807,7,5.2,7.3,3.2,4.2,2
citizen_0138,65+,urban_peripheral,middle,secondary,creative,766,14,5.1,6.7,3.7,6.5,2
citizen_0139,65+,small_town,lower,bachelor,trade,428,2,5.9,5.3,2.2,8,6.8
citizen_0140,35-44,rural,middle,secondary,creative,1123,7,5.1,4.2,2,4.9,5.9
citizen_0141,25-34,rural,upper,secondary,healthcare,3026,17,3.4,5.6,4.1,3.7,3.6
citizen_0142,55-64,rural,lower,bachelor,creative,114,2,6.0,6.8,6.1,4.2,5.4
citizen_0143,18-24,urban_peripheral,middle,bachelor,trade,1815,9,4.8,4.7,4.7,6.4,3.8
citizen_0144,45-54,suburban,middle,bachelor,independent,1141,10,5.5,5.2,3.4,5.6,5.6
citizen_0145,55-64,urban_peripheral,upper,vocational,education,5684,15,7.0,4.3,4.9,5.0,5.8
citizen_0146,25-34,rural,lower,vocational,trade,490,3,5.0,8,5.7,6.1,3.9
citizen_0147,45-54,suburban,middle,bachelor,independent,941,14,4.4,8,5.5,2,4.9
citizen_0148,35-44,small_town,lower,bachelor,healthcare,287,2,2.2,4.3,2.2,6.3,4.6
citizen_0149,35-44,rural,middle,secondary,healthcare,1777,15,2.5,6.6,5.8,5.1,3.8
citizen_0150,55-64,suburban,lower,secondary,education,119,3,3.7,4.5,6.3,6.6,4.6
citizen_0151,55-64,urban_peripheral,middle,bachelor,creative,1113,14,5.2,4.0,6.8,7.4,8
citizen_0152,35-44,rural,middle,bachelor,healthcare,1986,15,4.7,5.0,4.6,5.6,3.9
citizen_0153,18-24,rural,middle,vocational,administrative,1770,11,5.6,4.6,3.0,6.0,6.9
citizen_0154,25-34,urban_core,middle,secondary,administrative,1466,5,6.3,5.2,6.3,6.9,2.8
citizen_0155,55-64,small_town,middle,bachelor,trade,1226,15,6.4,4.6,5.9,6.2,4.3
citizen_0156,65+,suburban,middle,bachelor,independent,1092,8,5.4,6.1,4.0,4.6,6.2
citizen_0157,55-64,rural,middle,bachelor,healthcare,1309,10,4.8,4.5,6.9,2,4.1
citizen_0158,65+,suburban,middle,secondary,technical,1652,9,4.1,6.3,4.9,6.7,5.6
citizen_0159,25-34,urban_peripheral,middle,bachelor,service,1347,10,6.8,4.1,3.4,4.7,4.6
citizen_0160,55-64,urban_core,lower,graduate,creative,264,4,2.1,6.9,6.2,3.8,6.2
citizen_0161,55-64,rural,upper,secondary,administrative,3435,21,8,2.7,4.5,8,3.7
citizen_0162,65+,small_town,lower,vocational,independent,408,2,6.0,7.3,5.9,4.1,6.2
citizen_0163,65+,rural,middle,bachelor,independent,731,10,5.3,5.6,4.5,3.8,5.0
citizen_0164,25-34,urban_peripheral,middle,secondary,service,1331,11,4.8,2.4,2.7,4.0,6.3
citizen_0165,45-54,urban_peripheral,lower,bachelor,creative,328,8,7.6,2,5.5,6.5,5.1
citizen_0166,25-34,rural,middle,bachelor,service,1906,13,4.9,6.4,5.2,7.2,4.1
citizen_0167,65+,urban_core,upper,graduate,healthcare,5728,19,5.2,4.3,5.8,6.6,4.5
citizen_0168,35-44,rural,middle,bachelor,administrative,1241,6,5.2,2.7,2.8,3.5,3.2
citizen_0169,65+,rural,lower,graduate,administrative,159,7,4.7,4.2,4.6,4.1,6.6
citizen_0170,25-34,rural,middle,secondary,independent,1132,5,5.6,3.5,3.3,4.9,6.6
citizen_0171,35-44,rural,middle,graduate,technical,642,12,5.6,6.3,5.4,8,6.9
citizen_0172,18-24,small_town,middle,graduate,education,1856,13,6.5,4.9,7.2,2.6,3.4
citizen_0173,25-34,rural,upper,secondary,trade,2187,17,6.6,2.6,4.6,5.0,5.1
citizen_0174,45-54,small_town,middle,bachelor,administrative,1853,11,5.0,6.4,4.4,8,4.9
citizen_0175,55-64,urban_peripheral,upper,vocational,administrative,9146,9,4.3,6.8,5.8,2.9,5.7
citizen_0176,25-34,rural,lower,bachelor,administrative,394,4,5.1,2.4,8,8,5.3
citizen_0177,45-54,urban_peripheral,middle,graduate,healthcare,1064,5,8,8,2,3.5,4.8
citizen_0178,45-54,urban_peripheral,middle,graduate,trade,1927,11,4.6,4.8,3.8,6.8,3.7
citizen_0179,35-44,rural,lower,secondary,independent,337,2,6.2,5.1,6.1,5.5,4.3
citizen_0180,45-54,urban_peripheral,upper,bachelor,trade,7936,14,5.0,6.0,3.0,2.3,5.4
citizen_0181,18-24,urban_core,middle,bachelor,technical,1482,8,4.5,6.0,7.4,4.7,3.1
citizen_0182,65+,urban_core,middle,vocational,administrative,1738,8,8,3.5,8,8,3.9
citizen_0183,35-44,suburban,lower,secondary,trade,354,5,5.1,2.9,5.5,4.5,6.3
citizen_0184,18-24,suburban,upper,bachelor,administrative,9658,21,3.9,6.1,4.0,4.6,5.7
citizen_0185,25-34,rural,lower,secondary,administrative,350,7,5.9,2.8,5.0,4.5,3.9
citizen_0186,55-64,suburban,middle,secondary,creative,1574,5,6.2,6.5,6.3,7.9,8
citizen_0187,65+,urban_core,lower,graduate,service,104,3,4.8,2.5,6.5,5.3,7.3
citizen_0188,45-54,rural,middle,bachelor,independent,1598,9,4.9,4.8,3.5,4.7,7.4
citizen_0189,18-24,urban_peripheral,middle,bachelor,technical,1017,10,5.3,6.6,4.1,5.1,7.1
citizen_0190,25-34,small_town,middle,secondary,independent,1831,5,2,3.2,5.3,7.3,6.3
citizen_0191,18-24,urban_core,middle,bachelor,service,1179,14,3.2,4.8,4.4,6.2,3.2
citizen_0192,65+,urban_core,upper,vocational,administrative,9583,16,5.7,7.9,6.3,3.9,5.6
citizen_0193,65+,suburban,middle,secondary,service,1316,6,5.2,6.9,4.5,5.0,2.6
citizen_0194,25-34,small_town,middle,bachelor,education,1209,5,3.2,6.6,5.6,2.8,7.2
citizen_0195,18-24,rural,lower,secondary,trade,330,5,6.2,6.3,4.7,3.3,3.0
citizen_0196,25-34,urban_peripheral,middle,secondary,trade,1958,15,6.8,6.1,5.7,2.7,5.8
citizen_0197,25-34,urban_core,middle,secondary,service,679,7,5.4,6.5,4.4,5.0,4.3
citizen_0198,35-44,urban_core,middle,bachelor,service,1348,11,6.6,6.0,2.8,3.5,5.2
citizen_0199,65+,urban_peripheral,middle,bachelor,creative,799,6,4.8,4.6,4.2,4.9,6.2
citizen_0200,25-34,urban_core,lower,secondary,education,255,2,5.0,6.1,3.6,3.6,5.2
citizen_0201,65+,suburban,middle,bachelor,independent,779,9,5.7,3.6,7.4,7.6,2
citizen_0202,35-44,suburban,upper,secondary,creative,3986,18,8,4.1,4.4,7.2,3.0
citizen_0203,35-44,urban_core,middle,bachelor,administrative,1990,12,5.1,3.4,4.0,4.2,3.3
citizen_0204,65+,urban_core,lower,graduate,trade,293,2,4.6,4.3,4.6,6.1,5.9
citizen_0205,35-44,rural,middle,bachelor,trade,1600,14,6.3,2.4,4.3,3.0,7.5
citizen_0206,55-64,suburban,lower,graduate,creative,320,2,4.7,4.6,7.2,4.8,3.0
citizen_0207,18-24,rural,lower,bachelor,administrative,356,3,6.5,3.6,5.5,5.3,3.0
citizen_0208,35-44,small_town,lower,secondary,technical,347,4,7.7,7.4,5.8,6.0,4.0
citizen_0209,45-54,suburban,middle,bachelor,technical,1828,6,5.3,4.2,7.6,7.2,6.9
citizen_0210,55-64,urban_peripheral,lower,vocational,creative,195,7,3.7,4.6,3.5,5.7,5.6
citizen_0211,55-64,urban_peripheral,middle,graduate,independent,1942,6,3.0,3.8,4.2,4.7,4.0
citizen_0212,45-54,suburban,middle,bachelor,education,1296,14,5.2,5.7,4.2,3.5,6.3
citizen_0213,35-44,small_town,lower,secondary,creative,143,7,4.7,5.9,2.8,4.4,7.0
citizen_0214,25-34,urban_peripheral,lower,secondary,education,425,6,4.4,3.3,4.3,5.4,4.3
citizen_0215,55-64,rural,middle,vocational,creative,610,10,5.6,4.2,5.1,4.4,6.5
citizen_0216,65+,small_town,middle,secondary,independent,952,9,3.5,5.9,4.6,3.4,6.0
citizen_0217,18-24,small_town,lower,secondary,independent,287,6,6.7,4.3,4.8,7.0,6.7
citizen_0218,65+,rural,lower,bachelor,administrative,330,4,5.7,5.0,6.2,2.8,3.3
citizen_0219,35-44,urban_core,middle,bachelor,administrative,1750,15,8,5.6,7.4,3.9,2.2
citizen_0220,35-44,urban_peripheral,middle,graduate,service,1673,9,3.3,4.2,4.3,4.5,6.2
citizen_0221,65+,urban_core,middle,vocational,creative,1844,7,4.8,7.6,4.4,8,2.7
citizen_0222,55-64,suburban,lower,secondary,administrative,331,2,5.2,2.8,3.0,5.1,4.8
citizen_0223,55-64,rural,upper,secondary,healthcare,6768,8,6.5,4.0,2.1,3.3,5.5
citizen_0224,65+,small_town,upper,secondary,education,4645,17,6.6,2.8,2,7.4,5.8
citizen_0225,35-44,small_town,middle,bachelor,education,1442,5,3.4,7.0,3.4,7.0,5.6
citizen_0226,25-34,urban_core,upper,bachelor,trade,4245,10,5.7,7.2,6.5,6.6,6.9
citizen_0227,55-64,urban_peripheral,lower,secondary,service,435,2,7.9,4.0,5.8,4.7,4.0
citizen_0228,55-64,urban_peripheral,lower,bachelor,administrative,455,3,3.4,4.8,6.4,5.1,7.2
citizen_0229,45-54,urban_core,lower,secondary,technical,485,8,7.0,3.8,7.9,6.7,7.0
citizen_0230,25-34,rural,upper,secondary,service,7047,22,4.3,4.4,4.4,5.8,5.0
citizen_0231,65+,urban_core,lower,secondary,trade,430,2,2,4.1,6.3,5.3,3.9
citizen_0232,25-34,suburban,middle,bachelor,service,1106,15,6.3,3.2,4.4,6.7,2.5
citizen_0233,18-24,small_town,upper,vocational,trade,2099,19,4.9,6.3,6.1,3.5,4.0
citizen_0234,65+,rural,lower,graduate,trade,134,2,3.5,6.7,5.3,2,5.0
citizen_0235,25-34,small_town,lower,secondary,healthcare,142,7,4.7,3.8,3.7,3.0,6.2
citizen_0236,45-54,suburban,middle,secondary,technical,1831,15,4.0,4.9,5.7,3.3,3.4
citizen_0237,55-64,urban_peripheral,lower,bachelor,service,128,4,6.3,5.1,8,6.5,6.4
citizen_0238,55-64,urban_core,middle,secondary,creative,842,10,4.7,4.1,6.7,4.5,5.5
citizen_0239,25-34,urban_core,middle,secondary,service,1681,15,2.7,4.2,6.4,3.8,4.8
citizen_0240,18-24,small_town,middle,secondary,creative,1543,5,4.2,5.9,6.6,6.2,4.8
citizen_0241,18-24,small_town,upper,secondary,education,6530,21,3.9,4.4,5.6,7.7,3.8
citizen_0242,25-34,suburban,lower,vocational,healthcare,364,2,5.9,3.3,6.6,6.5,6.0
citizen_0243,65+,suburban,lower,bachelor,healthcare,388,8,5.3,4.1,6.7,6.0,5.1
citizen_0244,35-44,rural,middle,bachelor,independent,1340,5,7.6,5.0,4.8,3.1,5.2
citizen_0245,25-34,urban_core,middle,graduate,education,713,8,4.2,7.2,5.0,6.4,3.0
citizen_0246,45-54,urban_core,lower,bachelor,creative,290,5,4.8,4.4,7.8,3.5,2.7
citizen_0247,65+,urban_peripheral,lower,secondary,trade,221,4,4.7,6.7,5.9,2,6.5
citizen_0248,25-34,suburban,lower,graduate,education,154,3,4.0,5.3,5.8,4.7,5.1
citizen_0249,35-44,suburban,lower,secondary,administrative,451,4,4.3,3.4,5.5,5.4,4.5
citizen_0250,65+,suburban,middle,secondary,creative,857,5,6.0,5.6,3.9,6.4,4.5
citizen_0251,65+,rural,upper,bachelor,administrative,2506,15,4.0,5.6,5.4,5.2,4.3
citizen_0252,25-34,urban_core,middle,secondary,healthcare,689,10,5.5,4.7,6.0,5.0,3.3
citizen_0253,25-34,rural,upper,secondary,trade,3416,19,2.8,5.7,3.6,7.2,5.4
citizen_0254,25-34,urban_peripheral,lower,secondary,service,144,4,3.4,3.6,3.9,3.6,6.3
citizen_0255,35-44,rural,middle,bachelor,administrative,1961,10,3.8,3.2,3.0,6.3,2
citizen_0256,45-54,rural,middle,secondary,education,620,12,4.3,5.6,4.6,6.0,7.1
citizen_0257,45-54,urban_peripheral,middle,vocational,technical,615,8,3.4,5.0,6.1,2.4,4.4
citizen_0258,45-54,urban_peripheral,upper,bachelor,creative,4881,12,5.1,6.3,4.9,3.6,3.0
citizen_0259,45-54,small_town,lower,vocational,healthcare,110,6,3.7,5.2,5.4,6.9,5.7
citizen_0260,45-54,urban_peripheral,middle,bachelor,education,791,6,4.3,2,5.7,3.9,7.0
citizen_0261,65+,suburban,upper,vocational,trade,8000,21,5.3,3.8,4.3,3.2,8
citizen_0262,65+,urban_peripheral,upper,bachelor,education,7971,8,5.3,7.0,5.6,6.1,4.7
citizen_0263,65+,rural,upper,bachelor,service,7240,11,4.3,5.5,6.2,5.7,3.1
citizen_0264,65+,urban_peripheral,lower,graduate,education,271,5,5.9,4.9,5.5,4.6,4.5
citizen_0265,18-24,suburban,lower,bachelor,healthcare,314,3,2.9,5.6,2.7,6.5,5.5
citizen_0266,65+,rural,middle,secondary,trade,651,5,6.4,6.0,6.4,3.4,4.7
citizen_0267,25-34,urban_core,lower,vocational,education,147,4,4.2,5.7,6.3,4.8,3.1
citizen_0268,45-54,urban_core,middle,bachelor,trade,890,11,5.8,4.7,5.7,4.4,5.8
citizen_0269,55-64,suburban,middle,bachelor,healthcare,1506,7,5.6,4.8,5.6,3.5,6.2
citizen_0270,18-24,rural,lower,secondary,independent,257,8,5.1,5.3,5.6,6.1,7.5
citizen_0271,35-44,urban_core,middle,bachelor,trade,1040,12,6.4,6.2,7.9,3.9,6.2
citizen_0272,45-54,urban_core,lower,secondary,creative,401,3,5.0,2.8,6.2,5.7,2
citizen_0273,45-54,small_town,upper,graduate,independent,8996,9,4.0,4.0,4.5,4.5,6.4
citizen_0274,45-54,rural,upper,graduate,creative,3034,9,6.8,6.7,7.0,8,7.7
citizen_0275,35-44,urban_peripheral,upper,bachelor,healthcare,6558,20,4.5,4.0,7.2,5.2,4.4
citizen_0276,45-54,urban_core,upper,bachelor,trade,2866,11,5.6,5.6,3.2,4.2,5.7
citizen_0277,65+,small_town,upper,vocational,healthcare,4257,20,4.8,3.7,6.2,4.7,4.7
citizen_0278,25-34,urban_core,middle,bachelor,trade,542,10,6.0,4.1,5.2,7.5,7.8
citizen_0279,65+,small_town,lower,secondary,technical,496,8,3.5,6.1,4.8,4.2,7.4
citizen_0280,35-44,urban_core,middle,bachelor,administrative,616,13,2,6.2,3.6,6.0,3.6
citizen_0281,65+,small_town,lower,bachelor,creative,202,8,4.8,5.3,3.2,4.2,4.6
citizen_0282,18-24,suburban,lower,secondary,administrative,290,5,4.6,7.8,2.9,4.9,5.3
citizen_0283,45-54,rural,lower,graduate,education,146,4,5.3,3.4,7.4,4.8,7.8
citizen_0284,18-24,urban_peripheral,lower,graduate,administrative,492,7,3.6,3.2,4.8,6.5,7.6
citizen_0285,18-24,rural,upper,bachelor,service,7812,16,5.3,5.3,7.0,7.2,4.2
citizen_0286,35-44,suburban,middle,secondary,administrative,1857,10,2.8,5.5,5.7,3.7,6.4
citizen_0287,45-54,urban_core,middle,secondary,independent,1035,15,6.1,8,6.7,3.1,2.7
citizen_0288,55-64,urban_peripheral,upper,secondary,administrative,7909,8,7.2,3.4,5.7,3.1,3.8
citizen_0289,55-64,small_town,upper,secondary,trade,3556,18,3.1,4.7,5.3,4.5,3.1
citizen_0290,55-64,small_town,lower,bachelor,education,165,7,2.1,4.9,6.7,2.4,5.3
citizen_0291,25-34,urban_peripheral,middle,graduate,education,1362,10,5.6,4.4,4.1,5.5,8.0
citizen_0292,35-44,urban_core,middle,bachelor,independent,746,15,7.0,5.7,3.2,4.0,4.0
citizen_0293,35-44,urban_peripheral,lower,secondary,creative,334,3,5.2,6.4,4.9,8,4.7
citizen_0294,35-44,small_town,middle,graduate,education,846,14,4.4,4.3,4.9,4.9,4.6
citizen_0295,55-64,urban_core,middle,graduate,creative,1286,5,7.5,3.4,3.6,2,7.2
citizen_0296,18-24,urban_core,lower,secondary,education,276,4,5.1,3.2,5.1,5.0,4.9
citizen_0297,25-34,urban_peripheral,middle,bachelor,technical,1722,13,3.9,5.6,3.9,4.4,7.3
citizen_0298,35-44,suburban,upper,vocational,independent,7957,12,4.4,5.7,8,3.9,4.1
citizen_0299,25-34,urban_core,lower,bachelor,education,494,6,5.6,4.4,2.4,3.5,6.5
citizen_0300,55-64,urban_core,middle,secondary,service,921,15,5.7,5.2,4.3,5.3,5.0
citizen_0301,55-64,rural,lower,bachelor,healthcare,361,7,7.3,3.3,3.4,2.2,6.6
citizen_0302,55-64,small_town,lower,graduate,administrative,182,2,3.0,3.4,7.0,2,4.0
citizen_0303,45-54,small_town,upper,bachelor,education,6704,23,6.2,5.0,5.2,5.6,5.4
citizen_0304,25-34,urban_core,lower,bachelor,healthcare,120,8,4.0,3.7,6.2,4.8,7.6
citizen_0305,25-34,urban_core,middle,secondary,technical,1826,7,5.9,6.9,2.5,5.8,5.0
citizen_0306,35-44,suburban,upper,vocational,technical,7652,23,4.0,6.0,6.1,6.0,2.3
citizen_0307,65+,urban_core,middle,graduate,creative,1353,14,5.8,4.8,4.5,5.8,4.7
citizen_0308,45-54,rural,middle,bachelor,trade,1490,12,5.4,3.0,7.0,2.7,4.5
citizen_0309,18-24,suburban,middle,secondary,education,1983,14,2,8,5.2,2.6,4.6
citizen_0310,25-34,rural,upper,graduate,technical,8771,25,2.8,6.0,2.8,5.3,4.5
citizen_0311,65+,urban_peripheral,middle,secondary,independent,994,10,4.3,6.8,2.6,6.6,5.8
citizen_0312,65+,small_town,lower,secondary,trade,261,2,5.2,4.4,3.2,5.7,6.5
citizen_0313,65+,small_town,middle,secondary,trade,1768,15,5.9,6.8,5.4,6.2,2.6
citizen_0314,35-44,small_town,middle,secondary,education,1469,15,4.7,5.4,5.3,6.6,3.1
citizen_0315,35-44,urban_peripheral,middle,secondary,service,1570,10,4.2,3.5,7.4,6.2,4.7
citizen_0316,55-64,urban_peripheral,lower,secondary,trade,500,3,6.6,6.3,6.3,8,3.7
citizen_0317,55-64,rural,lower,bachelor,technical,168,5,6.0,5.2,3.4,3.0,2
citizen_0318,18-24,small_town,middle,bachelor,independent,713,11,7.3,3.8,6.9,3.8,6.3
citizen_0319,55-64,small_town,middle,secondary,trade,1203,9,7.4,8,4.6,5.1,3.8
citizen_0320,35-44,rural,lower,bachelor,healthcare,207,6,6.0,3.4,4.0,7.3,4.0
citizen_0321,55-64,urban_peripheral,middle,vocational,creative,1222,13,4.7,2.7,4.9,4.7,5.7
citizen_0322,45-54,small_town,middle,bachelor,healthcare,616,8,6.1,3.9,5.7,5.1,4.6
citizen_0323,25-34,suburban,middle,vocational,creative,567,10,5.3,6.2,3.1,4.3,7.4
citizen_0324,65+,rural,lower,graduate,administrative,440,2,4.9,3.1,5.2,7.6,5.4
citizen_0325,65+,suburban,middle,vocational,service,1408,8,3.8,6.1,5.1,3.1,3.2
citizen_0326,65+,rural,middle,bachelor,administrative,856,13,5.6,2,4.7,5.9,4.6
citizen_0327,18-24,suburban,lower,secondary,creative,179,2,4.1,6.5,7.5,6.7,5.1
citizen_0328,25-34,rural,middle,secondary,healthcare,877,13,3.0,5.1,3.4,7.0,4.6
citizen_0329,18-24,rural,middle,bachelor,trade,1239,9,6.0,5.9,5.6,5.3,6.3
citizen_0330,25-34,rural,middle,bachelor,service,582,15,6.0,5.9,5.1,7.1,6.0
citizen_0331,65+,urban_core,middle,graduate,trade,1268,13,4.5,4.9,7.4,6.8,5.3
citizen_0332,65+,urban_peripheral,middle,secondary,education,635,8,2,4.7,6.9,8,4.8
citizen_0333,55-64,small_town,middle,graduate,technical,1392,15,5.0,5.8,7.7,6.8,3.3
citizen_0334,65+,urban_core,lower,bachelor,independent,216,4,4.9,4.6,5.8,5.4,5.0
citizen_0335,35-44,suburban,middle,bachelor,service,630,14,5.6,4.4,5.5,7.4,5.1
citizen_0336,18-24,rural,upper,secondary,technical,8735,8,4.4,7.2,4.0,4.2,6.3
citizen_0337,45-54,small_town,middle,secondary,healthcare,1994,15,4.3,5.8,4.8,3.5,2.0
citizen_0338,35-44,rural,upper,bachelor,creative,8131,19,5.1,5.1,3.5,3.9,6.2
citizen_0339,25-34,urban_peripheral,upper,graduate,creative,7497,9,4.6,5.8,6.9,5.0,5.7
citizen_0340,65+,small_town,upper,vocational,technical,3051,15,4.9,5.5,7.0,6.4,3.7
citizen_0341,18-24,suburban,middle,vocational,independent,1659,14,5.1,3.0,5.6,4.3,6.9
citizen_0342,35-44,urban_core,lower,bachelor,education,475,4,5.0,6.1,4.9,3.4,5.4
citizen_0343,65+,suburban,middle,secondary,independent,787,13,4.3,4.1,4.7,2.7,3.2
citizen_0344,25-34,urban_core,middle,bachelor,service,576,13,6.2,3.3,5.8,3.2,5.1
citizen_0345,25-34,urban_peripheral,upper,bachelor,education,3097,22,4.0,2.5,7.0,2.5,3.4
citizen_0346,45-54,urban_core,lower,secondary,administrative,191,6,6.6,2.8,4.3,4.4,3.4
citizen_0347,65+,small_town,middle,vocational,education,980,5,4.9,7.5,5.6,5.1,6.2
citizen_0348,55-64,small_town,middle,graduate,independent,1798,9,7.7,3.5,7.1,5.5,8
citizen_0349,65+,urban_peripheral,lower,bachelor,trade,364,4,7.4,4.2,3.8,3.4,2.7
citizen_0350,35-44,suburban,upper,bachelor,education,2632,24,3.3,5.1,3.6,3.9,5.6
citizen_0351,55-64,suburban,lower,secondary,technical,445,5,5.7,4.2,3.7,4.6,5.6
citizen_0352,45-54,small_town,middle,bachelor,service,801,5,5.0,5.8,4.3,4.6,2
citizen_0353,25-34,small_town,upper,bachelor,service,3775,22,4.7,6.7,3.3,6.6,2
citizen_0354,45-54,urban_peripheral,middle,bachelor,trade,1984,15,2.8,3.4,5.4,4.1,4.4
citizen_0355,35-44,urban_peripheral,middle,bachelor,trade,1533,15,4.0,4.5,5.5,5.9,7.8
citizen_0356,35-44,small_town,lower,secondary,service,376,8,6.3,3.7,5.0,4.3,3.3
citizen_0357,18-24,small_town,upper,bachelor,trade,8573,23,2.3,4.7,5.3,3.9,4.8
citizen_0358,65+,rural,middle,bachelor,technical,1614,11,4.0,5.5,5.3,2,6.8
citizen_0359,25-34,urban_core,lower,graduate,technical,309,4,6.0,3.6,4.8,5.7,7.6
citizen_0360,18-24,suburban,middle,bachelor,trade,1642,12,3.1,4.2,6.5,4.9,5.5
citizen_0361,25-34,suburban,middle,bachelor,education,744,8,6.8,5.2,3.5,6.9,7.3
citizen_0362,35-44,urban_peripheral,middle,secondary,trade,1803,5,5.6,2.4,3.3,3.5,6.4
citizen_0363,65+,rural,middle,bachelor,trade,1984,11,5.5,6.0,5.6,3.6,6.5
citizen_0364,65+,suburban,middle,bachelor,service,1562,9,7.6,4.1,4.0,3.8,5.7
citizen_0365,25-34,urban_peripheral,middle,bachelor,creative,678,9,7.1,4.3,3.7,2.7,2
citizen_0366,65+,rural,middle,bachelor,administrative,1694,10,2.6,4.7,5.6,5.3,4.4
citizen_0367,35-44,urban_peripheral,middle,secondary,independent,719,13,7.8,6.8,4.2,4.9,6.5
citizen_0368,18-24,rural,lower,vocational,healthcare,494,3,7.0,3.1,2.9,4.0,6.9
citizen_0369,55-64,small_town,upper,bachelor,service,3806,15,4.6,3.8,5.1,3.0,6.8
citizen_0370,65+,rural,middle,secondary,service,1636,7,4.6,3.9,4.6,6.5,5.0
citizen_0371,45-54,suburban,middle,vocational,creative,909,8,3.6,7.1,4.3,6.5,4.1
citizen_0372,55-64,urban_peripheral,upper,secondary,administrative,6036,8,5.7,3.8,5.1,4.3,8
citizen_0373,55-64,small_town,middle,secondary,education,1063,12,6.8,3.7,3.8,8,4.7
citizen_0374,25-34,small_town,middle,bachelor,administrative,1212,11,5.0,4.2,3.4,4.7,5.4
citizen_0375,65+,urban_core,middle,bachelor,independent,707,10,4.9,4.9,5.2,4.3,3.7
citizen_0376,35-44,suburban,upper,secondary,administrative,8162,19,4.5,8,4.5,5.8,3.6
citizen_0377,35-44,rural,middle,bachelor,creative,983,13,5.7,7.3,4.7,5.9,2.8
citizen_0378,35-44,urban_peripheral,middle,secondary,independent,1976,10,5.3,4.1,2,5.0,6.1
citizen_0379,65+,rural,lower,bachelor,service,343,8,3.5,3.2,6.4,7.6,6.0
citizen_0380,55-64,suburban,middle,secondary,education,1741,8,2,3.7,5.0,5.3,7.2
citizen_0381,45-54,suburban,middle,bachelor,education,661,11,7.1,4.2,6.6,5.3,3.4
citizen_0382,55-64,urban_peripheral,middle,vocational,education,1143,10,3.2,6.0,2.3,6.8,6.2
citizen_0383,55-64,small_town,middle,bachelor,healthcare,1567,12,5.7,7.0,3.3,7.3,4.1
citizen_0384,35-44,urban_peripheral,lower,secondary,healthcare,342,6,7.2,4.1,5.8,5.4,5.4
citizen_0385,18-24,urban_core,middle,bachelor,technical,1134,8,5.3,4.9,5.9,3.2,2.4
citizen_0386,25-34,urban_peripheral,lower,bachelor,creative,376,4,7.2,5.4,5.9,4.0,2
citizen_0387,45-54,rural,lower,vocational,creative,322,6,5.6,3.6,4.1,5.0,2
citizen_0388,55-64,small_town,middle,vocational,administrative,780,10,5.5,3.5,4.2,5.9,5.0
citizen_0389,25-34,small_town,middle,bachelor,independent,515,13,5.0,4.2,7.4,5.6,3.1
citizen_0390,35-44,small_town,middle,bachelor,administrative,991,13,6.3,7.1,3.9,5.9,4.9
citizen_0391,55-64,suburban,upper,graduate,healthcare,2561,13,6.6,3.9,3.5,4.9,6.0
citizen_0392,25-34,small_town,lower,bachelor,healthcare,152,4,4.5,3.3,4.6,5.8,5.3
citizen_0393,25-34,urban_peripheral,middle,bachelor,technical,1521,10,4.9,6.0,6.4,4.3,6.1
citizen_0394,45-54,urban_peripheral,middle,secondary,service,1282,5,4.8,6.5,4.1,4.7,5.9
citizen_0395,25-34,small_town,middle,secondary,administrative,1568,15,4.3,5.0,4.6,2.5,5.6
citizen_0396,65+,suburban,middle,bachelor,education,1112,8,6.3,7.0,4.9,3.1,6.2
citizen_0397,35-44,urban_core,lower,bachelor,administrative,161,5,6.2,4.1,4.0,5.6,6.0
citizen_0398,65+,small_town,lower,secondary,creative,488,7,4.6,5.5,5.4,5.5,2.5
citizen_0399,18-24,rural,middle,secondary,technical,1212,12,2.6,5.8,5.8,7.6,4.7
citizen_0400,55-64,urban_peripheral,lower,secondary,healthcare,195,6,6.4,4.0,3.8,5.5,4.7
citizen_0401,35-44,rural,middle,secondary,creative,1252,12,4.1,5.8,5.4,4.7,6.1
citizen_0402,18-24,urban_peripheral,middle,secondary,service,1294,8,4.0,4.0,4.0,4.1,8
citizen_0403,45-54,rural,middle,bachelor,healthcare,637,5,6.5,4.1,6.9,6.4,6.2
citizen_0404,65+,urban_peripheral,lower,graduate,technical,459,6,4.3,5.1,2.4,3.8,4.0
citizen_0405,25-34,urban_core,middle,bachelor,service,664,12,3.5,5.9,4.6,2,5.2
citizen_0406,65+,small_town,lower,bachelor,education,139,3,5.1,4.5,3.6,3.8,4.7
citizen_0407,65+,rural,lower,bachelor,trade,191,6,2.2,5.7,6.7,5.0,7.1
citizen_0408,55-64,rural,middle,secondary,education,1534,10,3.9,2.9,4.4,5.3,5.5
citizen_0409,55-64,suburban,middle,bachelor,education,1797,11,3.2,2,3.4,5.9,3.7
citizen_0410,65+,rural,middle,secondary,administrative,501,5,3.7,6.3,5.0,3.6,2
citizen_0411,65+,suburban,middle,bachelor,service,1913,9,6.1,4.7,6.0,5.2,4.8
citizen_0412,65+,rural,middle,bachelor,creative,1025,9,6.4,5.9,5.7,6.0,5.9
citizen_0413,18-24,urban_core,middle,vocational,education,1681,6,4.3,5.2,4.1,6.1,3.0
citizen_0414,45-54,rural,lower,graduate,trade,161,8,5.4,5.2,5.2,3.6,5.6
citizen_0415,65+,urban_core,middle,graduate,trade,1170,13,3.6,6.7,5.6,4.2,6.8
citizen_0416,55-64,small_town,lower,bachelor,independent,272,2,5.0,3.0,6.3,5.9,5.2
citizen_0417,45-54,suburban,middle,bachelor,technical,1485,13,4.2,3.7,6.0,4.2,2.6
citizen_0418,25-34,rural,middle,bachelor,administrative,1348,11,5.1,6.2,2.9,6.0,4.3
citizen_0419,35-44,urban_core,lower,secondary,healthcare,419,3,4.7,5.7,6.2,6.2,2.6
citizen_0420,35-44,suburban,upper,secondary,creative,9117,17,5.1,2.1,5.4,5.3,8
citizen_0421,18-24,small_town,middle,secondary,independent,1572,9,3.9,6.0,5.1,4.0,4.8
citizen_0422,45-54,urban_core,middle,vocational,trade,1766,9,3.1,3.9,5.9,5.2,4.4
citizen_0423,18-24,small_town,middle,secondary,healthcare,1100,15,7.6,3.3,2.2,4.5,5.6
citizen_0424,35-44,urban_core,upper,bachelor,education,7837,8,3.0,5.2,5.8,5.5,6.9
citizen_0425,18-24,small_town,upper,secondary,trade,4477,15,4.6,5.0,4.7,4.4,3.7
citizen_0426,65+,urban_core,upper,secondary,healthcare,3243,18,7.3,2.8,5.1,4.7,3.9
citizen_0427,65+,small_town,middle,secondary,administrative,1740,10,4.6,3.3,6.0,3.8,5.6
citizen_0428,35-44,rural,lower,bachelor,administrative,494,3,5.8,4.0,4.5,3.2,8
citizen_0429,55-64,urban_core,middle,secondary,technical,1153,11,8,6.2,7.6,5.2,5.3
citizen_0430,65+,suburban,lower,graduate,creative,390,6,5.1,4.3,6.0,7.3,4.1
citizen_0431,25-34,suburban,lower,bachelor,technical,464,7,4.2,4.4,3.4,3.0,5.0
citizen_0432,35-44,urban_peripheral,upper,bachelor,creative,8082,14,5.1,5.4,5.0,4.7,4.8
citizen_0433,55-64,small_town,lower,vocational,independent,497,2,6.5,3.9,2.2,6.2,4.0
citizen_0434,45-54,small_town,middle,bachelor,service,1311,5,3.4,4.8,5.2,4.6,6.8
citizen_0435,45-54,urban_core,middle,bachelor,administrative,1445,7,5.0,4.6,6.5,4.1,7.6
citizen_0436,35-44,rural,middle,secondary,creative,1926,13,2.9,5.5,6.5,6.0,5.9
citizen_0437,25-34,urban_peripheral,middle,bachelor,independent,1013,10,6.8,3.0,3.7,5.5,6.6
citizen_0438,55-64,urban_core,upper,graduate,technical,6192,13,6.2,6.1,3.8,6.4,3.0
citizen_0439,35-44,suburban,middle,graduate,creative,1131,9,6.8,5.4,5.7,5.1,4.5
citizen_0440,55-64,urban_peripheral,upper,secondary,technical,6085,25,8,2.7,7.6,5.1,6.8
citizen_0441,65+,urban_peripheral,middle,bachelor,independent,1621,9,5.1,3.4,5.5,4.9,4.9
citizen_0442,55-64,urban_core,middle,graduate,creative,1112,10,6.3,6.8,7.9,5.7,3.6
citizen_0443,65+,urban_peripheral,lower,bachelor,creative,387,3,2.5,4.0,3.2,4.3,3.1
citizen_0444,65+,urban_core,middle,secondary,technical,633,9,5.2,3.7,7.2,3.3,5.2
citizen_0445,45-54,suburban,lower,graduate,trade,473,7,2.1,2.7,4.6,4.4,4.5
citizen_0446,45-54,rural,lower,bachelor,healthcare,414,6,2.4,6.3,4.9,7.0,2.5
citizen_0447,45-54,urban_peripheral,middle,bachelor,administrative,1781,6,2.6,3.9,2,5.3,5.0
citizen_0448,55-64,small_town,lower,bachelor,trade,230,8,6.3,5.4,5.4,4.0,3.5
citizen_0449,18-24,urban_core,lower,bachelor,technical,114,8,3.2,4.5,3.7,4.7,3.0
citizen_0450,25-34,small_town,middle,secondary,independent,1187,12,5.6,2.9,2.9,5.2,6.4
citizen_0451,65+,rural,middle,graduate,healthcare,1683,15,3.8,2.9,4.1,4.7,4.9
citizen_0452,35-44,urban_core,upper,graduate,creative,5192,13,4.9,5.4,7.1,4.8,6.1
citizen_0453,45-54,suburban,upper,graduate,service,8795,17,3.4,4.9,5.6,6.0,4.0
citizen_0454,25-34,urban_core,lower,secondary,administrative,347,7,6.4,4.2,6.7,5.3,4.0
citizen_0455,65+,urban_core,lower,secondary,creative,159,2,5.0,5.1,5.4,2.7,6.9
citizen_0456,35-44,urban_core,lower,graduate,education,259,7,4.5,5.1,2.8,4.7,4.2
citizen_0457,65+,suburban,middle,secondary,education,735,5,6.8,5.3,2.8,4.9,5.9
citizen_0458,65+,rural,middle,secondary,education,1138,14,3.9,4.6,7.5,4.1,4.2
citizen_0459,65+,urban_core,middle,secondary,independent,1303,7,4.6,5.4,4.7,4.5,5.4
citizen_0460,55-64,small_town,upper,bachelor,education,8192,22,3.9,7.6,4.5,2.8,2
citizen_0461,45-54,small_town,lower,graduate,technical,218,3,4.2,2.8,5.6,4.6,3.4
citizen_0462,25-34,suburban,upper,secondary,trade,2536,23,6.4,8,3.6,7.6,4.2
citizen_0463,18-24,suburban,middle,graduate,education,720,10,6.5,4.4,4.5,7.2,6.7
citizen_0464,45-54,small_town,lower,secondary,trade,206,8,4.1,4.4,5.0,5.9,4.4
citizen_0465,55-64,rural,middle,vocational,education,1958,14,5.1,3.9,4.7,4.7,4.5
citizen_0466,65+,suburban,lower,bachelor,technical,494,8,5.4,4.2,5.5,4.8,7.1
citizen_0467,35-44,urban_core,middle,bachelor,administrative,501,7,6.7,6.3,2.1,6.8,3.8
citizen_0468,55-64,rural,middle,secondary,independent,1391,10,5.8,7.1,4.2,6.8,6.1
citizen_0469,65+,rural,middle,bachelor,trade,609,5,4.3,6.7,2.6,8.0,6.2
citizen_0470,55-64,suburban,middle,secondary,service,1617,8,5.2,7.3,4.0,5.8,3.9
citizen_0471,55-64,small_town,middle,secondary,education,776,5,6.0,5.5,4.3,7.2,5.0
citizen_0472,18-24,small_town,lower,bachelor,trade,456,6,5.8,4.9,6.8,7.1,7.0
citizen_0473,65+,small_town,middle,bachelor,independent,1521,8,2.6,4.2,5.7,4.8,5.1
citizen_0474,55-64,rural,lower,vocational,education,140,3,5.4,5.1,3.6,5.2,2
citizen_0475,55-64,suburban,middle,graduate,independent,1792,15,3.1,3.2,4.8,4.1,4.3
citizen_0476,65+,rural,lower,bachelor,healthcare,393,7,2.5,2.9,4.8,5.0,2
citizen_0477,35-44,suburban,middle,vocational,healthcare,1655,9,5.9,6.1,7.0,4.0,4.3
citizen_0478,18-24,urban_core,middle,secondary,healthcare,1070,9,5.8,3.0,4.9,5.6,2.1
citizen_0479,25-34,urban_core,lower,graduate,technical,289,8,4.9,2.4,3.0,4.8,2.8
citizen_0480,25-34,urban_peripheral,middle,secondary,service,1346,11,4.7,5.5,7.1,7.8,6.0
citizen_0481,25-34,urban_peripheral,middle,bachelor,education,1451,11,6.4,6.1,5.4,5.2,4.6
citizen_0482,45-54,rural,middle,vocational,administrative,1420,11,3.3,6.6,4.2,5.1,5.2
citizen_0483,55-64,urban_core,upper,bachelor,technical,9521,16,4.8,6.9,3.9,6.5,4.6
citizen_0484,35-44,rural,lower,secondary,trade,446,7,2.8,5.5,5.1,7.2,5.2
citizen_0485,65+,urban_core,lower,secondary,technical,212,7,3.2,5.7,5.1,6.3,6.0
citizen_0486,25-34,urban_core,lower,secondary,service,161,2,7.0,4.2,6.9,2,3.5
citizen_0487,65+,rural,lower,bachelor,creative,138,7,3.2,6.8,3.6,5.0,6.7
citizen_0488,35-44,suburban,upper,graduate,healthcare,9829,16,5.3,5.5,5.2,3.5,4.7
citizen_0489,25-34,urban_peripheral,lower,vocational,trade,211,6,5.5,5.8,6.6,6.6,7.0
citizen_0490,55-64,urban_core,upper,bachelor,service,7246,8,6.8,5.9,5.0,6.6,5.7
citizen_0491,65+,suburban,middle,secondary,trade,1394,11,4.5,3.4,4.2,6.6,4.4
citizen_0492,65+,rural,middle,graduate,administrative,1236,10,8,5.1,5.7,3.4,2
citizen_0493,55-64,urban_core,middle,bachelor,education,1094,15,3.6,2,4.2,6.5,5.8
citizen_0494,25-34,urban_peripheral,middle,vocational,healthcare,889,7,3.9,2,4.0,4.0,6.8
citizen_0495,18-24,urban_peripheral,lower,vocational,independent,330,2,6.1,3.0,6.7,3.9,3.6
citizen_0496,18-24,urban_core,lower,graduate,trade,176,7,7.0,6.8,4.2,3.6,3.7
citizen_0497,45-54,urban_peripheral,upper,secondary,independent,7746,12,2.3,4.0,3.6,5.4,4.8
citizen_0498,18-24,urban_core,middle,vocational,independent,1761,8,2.8,3.2,7.5,6.1,6.5
citizen_0499,18-24,small_town,lower,secondary,education,209,8,6.3,6.7,6.6,3.7,4.6
citizen_0500,18-24,suburban,lower,secondary,creative,168,2,5.0,4.1,4.4,5.7,5.1
citizen_0501,65+,urban_peripheral,middle,secondary,service,1948,15,7.0,5.4,4.6,8,5.2
citizen_0502,45-54,small_town,lower,bachelor,creative,119,6,5.6,7.1,3.5,4.8,6.9
citizen_0503,25-34,suburban,middle,vocational,education,696,14,4.2,3.3,5.9,6.6,8
citizen_0504,35-44,urban_peripheral,middle,bachelor,independent,1472,12,5.3,2.8,4.8,6.0,5.7
citizen_0505,25-34,suburban,middle,secondary,healthcare,1429,5,2.8,5.3,6.1,2.7,2.9
citizen_0506,18-24,urban_peripheral,lower,bachelor,service,201,7,4.3,5.1,6.9,3.5,3.9
citizen_0507,55-64,suburban,middle,graduate,administrative,952,6,4.3,7.0,6.4,6.0,3.9
citizen_0508,45-54,urban_peripheral,middle,vocational,administrative,1053,8,6.5,4.3,4.4,5.5,4.6
citizen_0509,35-44,suburban,lower,bachelor,creative,212,4,2.9,6.3,6.1,2.8,6.2
citizen_0510,45-54,rural,middle,bachelor,creative,944,14,3.3,4.1,5.2,6.5,2.0
citizen_0511,45-54,small_town,middle,secondary,administrative,806,14,4.6,5.0,6.6,5.6,8
citizen_0512,65+,small_town,middle,secondary,service,671,13,3.7,5.7,5.8,2.8,6.4
citizen_0513,55-64,urban_peripheral,middle,bachelor,creative,1871,9,6.0,4.3,5.9,5.3,5.0
citizen_0514,25-34,rural,middle,bachelor,service,1784,12,6.7,4.8,6.5,6.8,6.2
citizen_0515,55-64,small_town,lower,bachelor,education,413,6,7.8,3.8,4.8,5.0,2.7
citizen_0516,45-54,rural,lower,bachelor,education,287,5,5.0,4.5,7.1,4.2,5.6
citizen_0517,55-64,rural,middle,secondary,technical,1606,6,4.5,2.6,4.0,5.9,6.0
citizen_0518,55-64,urban_peripheral,middle,graduate,administrative,1427,12,3.6,7.9,3.4,5.0,6.4
citizen_0519,45-54,rural,middle,bachelor,healthcare,635,8,5.5,3.6,5.4,3.9,3.0
citizen_0520,65+,urban_peripheral,middle,secondary,healthcare,919,13,5.6,4.8,5.4,5.6,5.5
citizen_0521,65+,rural,lower,bachelor,creative,196,2,5.7,3.5,5.3,5.0,4.7
citizen_0522,18-24,rural,middle,graduate,education,1624,12,3.8,5.7,4.2,3.9,3.1
citizen_0523,35-44,suburban,middle,vocational,creative,597,7,3.7,5.3,4.0,4.1,5.9
citizen_0524,35-44,urban_peripheral,middle,secondary,healthcare,740,5,5.4,5.8,4.2,2,5.2
citizen_0525,65+,suburban,middle,bachelor,creative,803,10,4.1,5.7,7.3,2.9,2
citizen_0526,35-44,urban_core,upper,bachelor,service,8050,25,3.5,6.0,6.0,6.3,4.9
citizen_0527,65+,small_town,middle,bachelor,healthcare,1658,12,5.1,7.5,4.5,7.2,4.9
citizen_0528,35-44,urban_core,lower,bachelor,creative,267,2,4.7,4.3,7.1,5.3,5.3
citizen_0529,45-54,suburban,lower,bachelor,administrative,144,6,6.4,6.8,5.3,2.9,5.8
citizen_0530,35-44,rural,middle,bachelor,service,1083,10,6.2,4.2,6.8,7.4,4.0
citizen_0531,35-44,urban_core,upper,graduate,administrative,4365,13,6.1,4.8,3.4,7.7,4.9
citizen_0532,65+,small_town,upper,bachelor,creative,4748,10,6.0,3.3,5.8,6.0,6.8
citizen_0533,65+,urban_core,middle,secondary,trade,1664,7,4.9,4.2,4.1,5.8,6.5
citizen_0534,25-34,small_town,middle,secondary,service,506,7,5.6,3.9,3.5,4.1,4.9
citizen_0535,25-34,small_town,upper,graduate,technical,7635,15,3.9,3.2,2.4,3.5,5.9
citizen_0536,18-24,urban_core,middle,bachelor,education,745,10,3.3,4.1,6.4,3.4,2.7
citizen_0537,45-54,urban_peripheral,middle,graduate,service,609,9,5.3,6.0,6.3,4.5,3.7
citizen_0538,35-44,urban_core,middle,vocational,healthcare,1727,7,4.4,7.1,5.9,5.5,3.2
citizen_0539,45-54,suburban,upper,graduate,healthcare,8745,12,3.2,4.1,2.9,6.6,6.1
citizen_0540,18-24,small_town,middle,secondary,trade,1645,14,3.2,7.8,5.7,5.5,5.2
citizen_0541,55-64,rural,upper,graduate,technical,2143,23,6.0,2.1,6.7,5.6,5.5
citizen_0542,35-44,small_town,middle,secondary,education,1910,8,5.6,6.1,5.0,4.2,6.6
citizen_0543,35-44,small_town,lower,vocational,technical,155,2,6.7,7.3,6.2,5.0,4.6
citizen_0544,65+,urban_core,middle,secondary,healthcare,1704,8,6.2,5.3,5.7,5.0,6.5
citizen_0545,25-34,suburban,middle,secondary,education,1535,14,6.4,3.2,7.4,5.4,3.0
citizen_0546,18-24,rural,middle,graduate,administrative,939,13,4.2,2,6.2,7.2,7.4
citizen_0547,65+,urban_peripheral,middle,bachelor,independent,1369,8,5.1,4.7,4.4,7.1,2
citizen_0548,45-54,suburban,middle,graduate,technical,669,10,3.2,5.4,3.6,5.0,4.4
citizen_0549,45-54,suburban,middle,bachelor,independent,643,12,7.3,5.2,6.5,6.6,4.9
citizen_0550,65+,small_town,middle,secondary,technical,709,7,3.5,6.1,4.7,4.3,3.2
citizen_0551,18-24,rural,upper,secondary,trade,7845,16,6.4,7.1,7.0,4.8,3.8
citizen_0552,55-64,suburban,middle,vocational,independent,751,9,3.2,2,6.8,4.9,6.0
citizen_0553,45-54,urban_core,lower,vocational,technical,191,5,6.3,4.8,2.2,4.7,5.0
citizen_0554,45-54,rural,middle,secondary,technical,1520,12,5.1,2.8,3.3,4.8,3.8
citizen_0555,45-54,rural,middle,graduate,service,1286,12,5.3,5.4,4.9,2,6.4
citizen_0556,35-44,urban_core,middle,bachelor,creative,1966,11,2.2,4.0,4.2,7.2,4.2
citizen_0557,45-54,rural,lower,bachelor,independent,353,6,5.0,2.1,5.4,3.5,4.9
citizen_0558,65+,suburban,middle,secondary,education,1781,10,6.9,5.8,6.0,6.0,5.7
citizen_0559,35-44,small_town,middle,vocational,education,674,6,3.2,6.1,5.4,5.1,6.3
citizen_0560,65+,rural,lower,secondary,education,340,6,7.1,5.5,3.4,5.8,4.7
citizen_0561,18-24,suburban,lower,bachelor,technical,357,8,5.1,5.2,4.4,4.4,3.8
citizen_0562,55-64,suburban,middle,bachelor,trade,1044,5,5.6,7.0,5.6,4.9,5.6
citizen_0563,25-34,rural,middle,graduate,technical,1661,13,4.2,4.6,3.1,4.0,4.3
citizen_0564,45-54,suburban,lower,graduate,healthcare,490,6,3.3,5.8,5.5,6.4,3.8
citizen_0565,25-34,urban_peripheral,lower,bachelor,independent,426,6,3.8,5.9,8,4.9,3.3
citizen_0566,65+,rural,upper,vocational,service,5567,21,3.6,4.8,5.5,5.7,4.5
citizen_0567,35-44,urban_peripheral,middle,secondary,trade,984,11,3.8,4.9,6.2,6.2,6.9
citizen_0568,25-34,suburban,lower,secondary,independent,114,4,2,5.4,2.1,6.5,5.4
citizen_0569,65+,urban_core,lower,bachelor,independent,252,8,6.1,5.1,4.5,6.0,4.2
citizen_0570,18-24,urban_core,upper,vocational,trade,6276,24,7.3,4.2,5.5,5.6,4.7
citizen_0571,25-34,urban_core,upper,secondary,education,3933,21,2,4.1,6.7,3.1,6.6
citizen_0572,25-34,suburban,lower,secondary,independent,379,5,2.5,6.6,6.7,5.6,4.8
citizen_0573,45-54,urban_peripheral,lower,secondary,education,410,2,4.3,3.6,5.2,4.2,7.0
citizen_0574,65+,urban_peripheral,middle,vocational,healthcare,985,12,3.8,4.6,6.4,4.6,5.3
citizen_0575,35-44,suburban,upper,bachelor,healthcare,9293,13,4.3,7.4,6.5,5.1,6.0
citizen_0576,65+,small_town,middle,graduate,service,1182,11,4.9,5.6,5.3,3.3,4.7
citizen_0577,65+,suburban,middle,graduate,technical,1429,5,2,3.8,6.6,6.0,2.7
citizen_0578,55-64,small_town,middle,secondary,creative,1962,15,6.0,5.0,4.3,6.8,5.9
citizen_0579,55-64,suburban,upper,bachelor,independent,8773,18,5.7,2.6,5.3,4.8,7.3
citizen_0580,65+,urban_peripheral,lower,bachelor,trade,431,6,7.6,2.5,5.8,4.3,8
citizen_0581,55-64,urban_peripheral,upper,vocational,healthcare,4132,12,3.9,4.7,4.1,3.7,5.9
citizen_0582,18-24,urban_core,middle,vocational,service,1962,8,4.7,3.4,6.4,4.2,4.7
citizen_0583,25-34,suburban,upper,graduate,independent,8751,17,4.3,3.8,6.1,5.3,6.0
citizen_0584,55-64,urban_peripheral,lower,secondary,service,334,2,4.7,6.1,2.6,2.8,3.4
citizen_0585,18-24,small_town,lower,secondary,administrative,148,6,6.7,4.5,2.7,4.9,3.9
citizen_0586,18-24,suburban,middle,secondary,service,1646,5,6.8,5.1,2,7.8,4.6
citizen_0587,45-54,suburban,lower,bachelor,independent,159,4,4.3,5.9,6.0,4.2,4.8
citizen_0588,18-24,suburban,lower,graduate,education,260,5,6.1,4.5,6.5,3.6,5.1
citizen_0589,65+,urban_peripheral,lower,vocational,independent,233,3,3.8,5.8,5.3,5.1,5.4
citizen_0590,55-64,small_town,middle,vocational,service,804,6,2,6.6,3.5,4.4,6.8
citizen_0591,35-44,urban_peripheral,lower,secondary,healthcare,102,6,6.6,3.0,4.1,6.2,8
citizen_0592,55-64,urban_peripheral,lower,vocational,independent,402,2,3.6,2.2,7.2,5.4,4.4
citizen_0593,65+,small_town,lower,secondary,independent,122,7,3.6,4.2,4.1,4.3,3.9
citizen_0594,55-64,rural,middle,vocational,creative,1734,11,5.1,5.5,4.2,4.0,5.5
citizen_0595,18-24,small_town,lower,secondary,technical,431,8,5.2,6.0,5.1,3.8,6.0
citizen_0596,65+,small_town,lower,secondary,healthcare,328,5,6.7,3.8,4.6,5.5,4.3
citizen_0597,45-54,small_town,middle,bachelor,education,1200,12,5.7,3.8,4.0,4.6,5.2
citizen_0598,55-64,small_town,middle,bachelor,technical,1116,8,4.6,6.6,6.4,4.1,5.5
citizen_0599,45-54,urban_core,lower,secondary,service,468,6,5.6,3.2,4.8,3.6,5.9
citizen_0600,65+,rural,middle,bachelor,service,1943,9,6.7,6.4,5.4,5.9,4.5
citizen_0601,35-44,small_town,middle,graduate,healthcare,661,14,5.4,3.2,7.8,5.4,4.0
citizen_0602,25-34,urban_core,middle,bachelor,service,1733,12,4.8,5.2,4.1,3.6,3.2
citizen_0603,35-44,small_town,middle,bachelor,healthcare,1926,8,6.2,5.7,5.4,6.0,7.6
citizen_0604,65+,urban_peripheral,lower,bachelor,trade,316,2,6.6,2.5,4.4,4.8,5.1
citizen_0605,18-24,small_town,upper,graduate,independent,6665,20,4.2,2.1,5.5,4.1,4.5
citizen_0606,18-24,small_town,lower,bachelor,trade,348,6,6.4,3.0,3.4,3.9,4.6
citizen_0607,45-54,small_town,middle,bachelor,administrative,631,9,6.7,4.6,3.2,3.8,5.6
citizen_0608,65+,small_town,middle,bachelor,education,1540,8,3.5,5.5,6.3,7.0,3.4
citizen_0609,45-54,small_town,middle,vocational,creative,1879,15,5.3,6.8,3.4,3.8,6.0
citizen_0610,55-64,urban_peripheral,middle,graduate,administrative,707,11,4.5,7.4,4.6,4.3,5.6
citizen_0611,65+,rural,middle,secondary,service,858,13,6.9,6.4,5.0,4.8,7.2
citizen_0612,18-24,rural,lower,bachelor,administrative,385,4,5.8,5.7,4.9,6.4,4.7
citizen_0613,65+,rural,upper,graduate,technical,8895,11,5.4,4.1,2,3.5,5.6
citizen_0614,65+,urban_core,middle,bachelor,service,1951,12,4.1,5.0,5.7,5.7,3.4
citizen_0615,55-64,urban_peripheral,middle,graduate,education,1352,5,6.8,4.6,5.7,5.9,3.7
citizen_0616,25-34,rural,middle,secondary,creative,1585,11,6.2,5.7,5.0,3.6,4.6
citizen_0617,65+,small_town,lower,bachelor,independent,326,3,4.3,6.7,4.5,3.5,2
citizen_0618,65+,urban_core,middle,bachelor,technical,1814,7,4.2,6.3,5.2,3.4,4.7
citizen_0619,65+,rural,lower,bachelor,healthcare,469,7,5.3,2.3,6.5,4.1,2.1
citizen_0620,35-44,rural,middle,graduate,creative,1929,10,4.5,3.4,5.5,6.8,5.5
citizen_0621,65+,urban_peripheral,middle,bachelor,healthcare,759,13,2.9,6.6,5.9,3.2,6.5
citizen_0622,65+,rural,lower,secondary,healthcare,223,8,2.5,4.7,5.2,5.3,5.6
citizen_0623,65+,urban_core,middle,vocational,service,1834,6,3.1,5.6,4.0,4.2,5.0
citizen_0624,35-44,suburban,middle,secondary,administrative,1720,8,6.5,2,2.1,3.7,3.7
citizen_0625,35-44,rural,lower,graduate,creative,398,3,3.7,4.6,3.2,5.0,6.3
citizen_0626,65+,small_town,middle,secondary,trade,1578,11,5.5,5.3,6.3,3.9,3.6
citizen_0627,45-54,suburban,middle,bachelor,independent,1999,11,5.5,2,2,3.6,2
citizen_0628,65+,small_town,lower,secondary,creative,180,6,6.8,4.6,2.7,4.6,4.6
citizen_0629,35-44,small_town,upper,bachelor,technical,5044,17,5.1,6.4,6.3,5.8,5.2
citizen_0630,65+,urban_peripheral,lower,bachelor,creative,478,5,5.3,3.5,6.2,4.5,4.8
citizen_0631,18-24,urban_core,middle,secondary,trade,1273,12,5.9,3.7,5.2,3.7,5.4
citizen_0632,65+,urban_peripheral,middle,secondary,independent,1778,11,5.2,2.8,6.4,6.9,6.8
citizen_0633,35-44,urban_core,upper,secondary,independent,6686,17,6.1,4.8,2.8,6.6,3.2
citizen_0634,45-54,urban_peripheral,lower,bachelor,service,372,3,6.8,4.5,5.0,3.2,7.2
citizen_0635,65+,rural,lower,secondary,independent,351,8,5.3,6.6,5.9,4.1,6.8
citizen_0636,65+,urban_core,middle,secondary,education,684,7,4.5,5.4,6.9,4.8,4.8
citizen_0637,35-44,rural,middle,secondary,education,792,11,5.9,6.0,7.2,4.8,5.7
citizen_0638,65+,urban_core,lower,vocational,service,158,4,5.7,7.4,3.5,4.1,5.0
citizen_0639,18-24,small_town,middle,bachelor,service,1701,15,3.5,4.1,5.6,5.9,4.2
citizen_0640,18-24,urban_peripheral,middle,bachelor,healthcare,1607,7,3.5,4.3,6.0,3.5,5.2
citizen_0641,65+,rural,middle,bachelor,independent,1838,7,4.2,7.7,5.7,7.0,4.5
citizen_0642,18-24,rural,upper,bachelor,healthcare,2373,13,5.8,3.8,3.7,6.7,3.5
citizen_0643,55-64,small_town,middle,secondary,technical,932,14,4.1,6.2,2.9,8,5.0
citizen_0644,45-54,suburban,middle,vocational,healthcare,1728,10,7.3,4.7,4.7,7.2,4.6
citizen_0645,18-24,urban_core,middle,bachelor,independent,1927,12,5.9,5.2,5.0,5.9,6.7
citizen_0646,55-64,urban_core,middle,graduate,service,1732,10,7.2,3.3,4.3,5.3,6.4
citizen_0647,35-44,urban_core,middle,graduate,technical,541,9,4.7,2,5.8,4.0,5.4
citizen_0648,55-64,rural,middle,secondary,healthcare,1942,14,5.4,4.0,8,4.5,6.7
citizen_0649,25-34,small_town,lower,graduate,technical,437,7,5.4,6.3,3.6,3.1,5.1
citizen_0650,45-54,urban_core,middle,bachelor,creative,1062,8,5.0,4.2,7.7,3.8,6.8
citizen_0651,65+,rural,lower,vocational,healthcare,444,7,3.4,3.7,2.2,6.6,5.0
citizen_0652,18-24,small_town,upper,bachelor,healthcare,2385,16,6.3,6.3,3.2,5.1,7.3
citizen_0653,65+,small_town,middle,secondary,administrative,963,11,5.6,3.4,7.7,6.6,2
citizen_0654,65+,suburban,upper,secondary,healthcare,9661,18,6.9,5.8,6.6,5.3,7.6
citizen_0655,65+,suburban,lower,bachelor,service,407,6,5.4,5.8,3.4,5.0,5.6
citizen_0656,35-44,urban_core,lower,bachelor,technical,131,8,8,4.5,2.7,7.2,4.1
citizen_0657,35-44,urban_core,lower,bachelor,technical,149,6,2.5,4.2,3.3,4.6,6.4
citizen_0658,55-64,rural,lower,bachelor,service,445,8,3.4,5.5,3.1,5.9,6.8
citizen_0659,18-24,urban_core,middle,bachelor,technical,1674,7,6.3,7.4,5.2,2.6,3.4
citizen_0660,55-64,rural,lower,bachelor,independent,433,8,5.3,5.8,5.8,5.2,3.4
citizen_0661,35-44,urban_peripheral,middle,bachelor,creative,1561,14,4.1,3.0,5.4,4.0,8
citizen_0662,55-64,rural,lower,secondary,service,441,5,4.1,5.5,6.0,8,5.3
citizen_0663,55-64,suburban,upper,bachelor,education,8466,9,3.7,3.8,4.0,5.9,6.4
citizen_0664,45-54,urban_peripheral,upper,bachelor,independent,3682,20,4.2,4.2,4.6,2,3.8
citizen_0665,25-34,urban_core,upper,secondary,education,6798,19,7.1,5.7,5.1,4.8,6.0
citizen_0666,18-24,urban_peripheral,lower,secondary,administrative,234,2,6.8,3.4,4.0,6.6,5.1
citizen_0667,18-24,urban_core,middle,secondary,education,1854,7,5.3,6.2,4.5,5.2,7.7
citizen_0668,65+,small_town,upper,vocational,technical,4605,21,7.3,7.1,5.7,5.7,2.7
citizen_0669,65+,rural,lower,secondary,administrative,422,8,4.5,5.8,4.0,5.7,5.9
citizen_0670,25-34,rural,lower,bachelor,independent,484,7,5.2,5.6,2.8,5.4,6.6
citizen_0671,55-64,urban_peripheral,middle,bachelor,education,1471,9,5.7,4.6,3.2,2,5.4
citizen_0672,45-54,urban_core,middle,graduate,administrative,1671,7,5.2,6.0,6.0,3.9,3.9
citizen_0673,65+,urban_peripheral,middle,bachelor,technical,1550,14,8.0,4.5,6.7,5.1,5.4
citizen_0674,35-44,suburban,middle,bachelor,independent,669,9,4.4,6.3,5.5,6.0,4.1
citizen_0675,65+,suburban,middle,bachelor,administrative,903,15,3.9,5.5,5.3,6.0,5.2
citizen_0676,35-44,suburban,lower,graduate,administrative,104,8,3.5,2,7.5,5.0,4.8
citizen_0677,25-34,small_town,middle,graduate,trade,806,11,2,6.1,2.7,7.2,5.2
citizen_0678,25-34,urban_peripheral,middle,secondary,independent,1930,11,4.7,3.4,5.3,3.7,6.0
citizen_0679,25-34,suburban,middle,bachelor,creative,1850,10,7.4,4.3,4.6,5.2,4.9
citizen_0680,35-44,small_town,middle,bachelor,healthcare,1177,14,4.9,5.3,5.7,2,7.1
citizen_0681,55-64,small_town,middle,bachelor,trade,723,10,8,5.4,6.4,4.1,4.8
citizen_0682,45-54,urban_core,middle,vocational,creative,643,11,6.5,6.2,7.2,5.5,4.0
citizen_0683,25-34,urban_core,lower,bachelor,independent,310,5,5.1,6.7,5.6,6.4,7.6
citizen_0684,25-34,small_town,lower,bachelor,technical,440,5,2.5,7.1,5.8,7.9,4.0
citizen_0685,25-34,urban_peripheral,middle,secondary,independent,1318,14,7.6,5.0,5.2,5.3,5.4
citizen_0686,65+,small_town,middle,vocational,independent,1958,9,4.6,5.1,6.8,6.2,6.2
citizen_0687,35-44,small_town,middle,graduate,administrative,1850,7,4.3,5.9,6.9,3.7,5.6
citizen_0688,55-64,urban_core,lower,bachelor,administrative,471,7,5.7,4.4,6.4,3.7,4.7
citizen_0689,65+,rural,upper,bachelor,technical,4671,21,4.5,5.6,5.0,7.0,6.6
citizen_0690,35-44,small_town,lower,bachelor,service,303,2,7.1,6.0,5.0,3.5,4.9
citizen_0691,18-24,suburban,lower,vocational,independent,324,3,2.0,4.4,5.1,3.9,4.7
citizen_0692,45-54,urban_core,lower,secondary,technical,239,3,5.3,5.7,5.0,4.1,4.9
citizen_0693,35-44,rural,lower,bachelor,administrative,439,7,4.8,4.6,5.2,3.8,3.6
citizen_0694,55-64,small_town,lower,bachelor,service,202,2,4.6,4.7,4.3,5.7,5.0
citizen_0695,18-24,urban_peripheral,lower,secondary,technical,185,7,8,5.6,8,5.8,2.3
citizen_0696,25-34,suburban,middle,secondary,education,938,6,4.1,4.6,5.5,6.8,5.7
citizen_0697,35-44,suburban,lower,bachelor,service,432,6,4.7,3.7,6.1,7.5,6.1
citizen_0698,35-44,suburban,lower,secondary,independent,148,6,5.7,4.9,2,4.0,5.5
citizen_0699,35-44,urban_peripheral,middle,bachelor,education,1865,12,4.3,6.1,7.3,3.4,2
citizen_0700,18-24,small_town,lower,vocational,trade,488,2,2.5,4.8,2.7,4.9,5.3
citizen_0701,35-44,rural,middle,graduate,technical,919,15,5.0,6.4,5.5,4.8,5.8
citizen_0702,18-24,small_town,upper,bachelor,education,8658,17,5.9,6.0,5.1,4.6,5.4
citizen_0703,55-64,suburban,lower,graduate,administrative,451,7,3.5,5.1,5.5,8,2.8
citizen_0704,55-64,suburban,middle,bachelor,creative,790,8,4.8,5.1,5.4,4.6,5.8
citizen_0705,25-34,urban_peripheral,lower,bachelor,administrative,201,3,7.0,3.4,4.9,4.1,5.2
citizen_0706,35-44,rural,middle,secondary,independent,1274,7,6.0,4.8,6.1,3.7,6.3
citizen_0707,45-54,small_town,middle,bachelor,creative,671,9,4.6,6.1,2.6,6.5,5.2
citizen_0708,45-54,suburban,lower,bachelor,trade,340,3,3.4,5.4,3.6,6.4,5.7
citizen_0709,25-34,rural,lower,secondary,education,291,5,5.4,2,5.2,8,3.5
citizen_0710,45-54,small_town,middle,bachelor,service,1980,10,5.8,5.0,5.8,4.6,5.3
citizen_0711,45-54,urban_core,middle,bachelor,trade,1241,15,2,7.2,3.9,5.0,5.4
citizen_0712,55-64,urban_peripheral,lower,bachelor,healthcare,182,2,2.2,2.8,5.7,5.9,3.1
citizen_0713,18-24,small_town,lower,bachelor,trade,316,3,4.0,3.9,2,7.9,6.6
citizen_0714,65+,rural,lower,secondary,trade,393,8,2.9,3.7,5.1,2,5.5
citizen_0715,65+,urban_peripheral,middle,secondary,trade,699,6,4.5,4.9,4.8,5.9,6.5
citizen_0716,65+,suburban,middle,bachelor,trade,1423,14,5.7,6.3,4.7,4.0,6.5
citizen_0717,65+,urban_peripheral,lower,secondary,administrative,419,2,8,4.8,8,3.2,6.1
citizen_0718,65+,small_town,lower,secondary,technical,131,4,4.8,6.4,3.5,4.1,4.7
citizen_0719,55-64,urban_core,lower,bachelor,technical,489,4,4.4,5.6,7.6,3.7,6.3
citizen_0720,65+,small_town,middle,secondary,education,1276,14,2.8,7.3,7.8,5.0,7.1
citizen_0721,18-24,urban_core,middle,secondary,service,785,5,4.2,2.8,5.6,4.5,2
citizen_0722,45-54,urban_peripheral,upper,secondary,education,7228,18,2.8,5.7,6.2,3.7,4.9
citizen_0723,18-24,suburban,middle,secondary,independent,1214,11,4.9,5.2,6.7,4.8,2.3
citizen_0724,65+,urban_core,upper,bachelor,trade,6134,9,4.7,6.0,6.1,6.4,2.3
citizen_0725,25-34,rural,middle,secondary,independent,994,8,3.7,5.8,6.4,6.7,6.5
citizen_0726,25-34,urban_core,middle,bachelor,technical,952,9,2.8,5.9,6.8,7.9,7.1
citizen_0727,55-64,urban_peripheral,upper,bachelor,independent,8278,10,3.5,6.9,6.2,7.4,2.5
citizen_0728,55-64,small_town,middle,bachelor,trade,886,6,5.4,4.0,5.5,5.4,7.1
citizen_0729,45-54,small_town,lower,secondary,service,316,4,6.3,4.3,6.9,5.5,6.4
citizen_0730,65+,urban_peripheral,middle,vocational,administrative,949,12,5.2,5.1,5.8,4.0,5.5
citizen_0731,55-64,urban_core,lower,secondary,education,461,6,3.8,3.3,8,8,8
citizen_0732,45-54,small_town,middle,bachelor,service,1935,5,6.3,4.8,5.5,4.1,4.7
citizen_0733,65+,small_town,middle,graduate,healthcare,1623,11,2.3,7.2,4.8,7.7,2
citizen_0734,35-44,small_town,middle,vocational,trade,700,7,7.2,6.1,4.3,8,4.4
citizen_0735,35-44,urban_core,middle,graduate,healthcare,1097,7,3.2,4.1,5.2,6.5,6.8
citizen_0736,25-34,urban_core,middle,secondary,education,1375,15,4.7,3.1,3.0,2,7.2
citizen_0737,65+,small_town,upper,secondary,creative,5554,12,7.9,5.7,4.7,3.6,4.9
citizen_0738,55-64,urban_peripheral,middle,secondary,trade,1874,15,2.7,5.2,7.1,4.4,3.4
citizen_0739,18-24,small_town,middle,graduate,healthcare,750,12,6.6,3.9,3.8,5.7,5.1
citizen_0740,55-64,rural,upper,secondary,independent,5553,17,4.6,7.5,5.3,4.1,2.9
citizen_0741,45-54,rural,lower,secondary,creative,371,5,5.2,3.1,6.3,2.8,6.7
citizen_0742,18-24,urban_core,middle,bachelor,administrative,1144,6,8,4.3,5.9,6.8,5.8
citizen_0743,18-24,urban_core,middle,bachelor,healthcare,1245,13,6.7,5.2,4.7,6.8,4.8
citizen_0744,25-34,urban_peripheral,upper,bachelor,healthcare,6018,18,8,6.0,6.0,4.3,4.2
citizen_0745,45-54,rural,upper,secondary,administrative,3161,17,4.8,4.2,3.0,5.4,5.1
citizen_0746,65+,rural,lower,secondary,administrative,432,3,4.0,4.3,4.8,3.4,3.9
citizen_0747,35-44,small_town,lower,secondary,creative,456,7,4.6,4.4,4.9,4.5,2
citizen_0748,25-34,rural,middle,bachelor,creative,659,9,4.2,5.4,6.6,4.9,7.0
citizen_0749,25-34,urban_core,lower,bachelor,education,215,4,5.3,4.1,3.9,4.4,6.0
citizen_0750,18-24,small_town,middle,vocational,technical,696,13,5.2,4.2,2,4.5,2.7
citizen_0751,35-44,suburban,middle,secondary,technical,1207,15,3.6,5.7,4.4,6.4,4.5
citizen_0752,65+,small_town,middle,bachelor,independent,1663,9,4.0,4.4,4.1,2.8,4.5
citizen_0753,18-24,urban_peripheral,middle,vocational,trade,1529,9,4.3,4.7,4.1,7.7,4.8
citizen_0754,25-34,urban_peripheral,middle,vocational,healthcare,658,8,4.6,4.5,4.1,7.4,6.2
citizen_0755,65+,suburban,lower,secondary,independent,474,3,3.2,5.1,4.8,7.1,4.3
citizen_0756,45-54,rural,middle,vocational,technical,1207,8,3.3,6.2,7.1,3.7,4.5
citizen_0757,65+,rural,middle,vocational,service,1573,8,2.7,2,2.6,3.6,2.2
citizen_0758,25-34,suburban,middle,secondary,service,1605,6,3.7,5.7,4.5,5.5,6.0
citizen_0759,25-34,urban_core,middle,secondary,trade,573,12,4.4,5.3,6.3,7.0,4.1
citizen_0760,65+,urban_core,upper,secondary,independent,2831,21,4.3,6.2,8,5.1,5.5
citizen_0761,45-54,urban_peripheral,lower,bachelor,trade,215,5,6.3,6.2,6.2,6.2,6.8
citizen_0762,35-44,urban_peripheral,lower,bachelor,healthcare,283,8,6.3,6.0,5.5,4.2,4.0
citizen_0763,55-64,urban_peripheral,lower,secondary,trade,345,7,6.3,3.8,5.6,7.2,5.4
citizen_0764,65+,small_town,lower,bachelor,creative,299,3,3.8,7.3,6.3,3.8,7.6
citizen_0765,18-24,urban_peripheral,lower,secondary,education,275,5,3.7,2.4,5.0,5.2,7.3
citizen_0766,65+,suburban,middle,bachelor,healthcare,736,9,2.5,5.2,5.0,5.9,3.9
citizen_0767,65+,urban_peripheral,lower,graduate,independent,192,3,4.9,4.3,2.4,4.5,3.3
citizen_0768,65+,urban_peripheral,middle,bachelor,technical,687,5,5.3,5.3,8,4.8,3.1
citizen_0769,35-44,urban_peripheral,middle,bachelor,administrative,1124,6,5.9,4.1,6.5,2.8,4.9
citizen_0770,25-34,small_town,lower,secondary,administrative,341,4,4.8,5.4,5.5,5.1,5.0
citizen_0771,65+,small_town,lower,secondary,education,494,8,4.0,4.6,5.6,3.9,3.0
citizen_0772,25-34,rural,middle,graduate,education,1733,6,5.1,6.2,4.4,4.7,6.7
citizen_0773,18-24,urban_peripheral,upper,vocational,administrative,4810,17,6.3,4.0,2,6.7,5.9
citizen_0774,55-64,urban_peripheral,upper,secondary,service,6591,19,6.1,6.1,4.2,2,5.2
citizen_0775,65+,small_town,middle,bachelor,technical,842,14,2.1,3.2,5.2,7.5,4.2
citizen_0776,25-34,rural,upper,secondary,service,9959,10,5.6,2.8,4.9,3.5,3.8
citizen_0777,25-34,small_town,middle,bachelor,trade,1713,5,2.2,4.2,4.4,7.0,5.0
citizen_0778,65+,rural,middle,bachelor,healthcare,988,9,4.7,6.0,4.5,3.2,5.2
citizen_0779,18-24,urban_peripheral,lower,vocational,healthcare,207,6,5.4,5.3,4.7,8,4.4
citizen_0780,18-24,suburban,middle,bachelor,education,1165,5,7.0,6.2,2.7,4.3,3.3
citizen_0781,55-64,suburban,lower,secondary,creative,499,6,6.1,5.0,5.3,3.3,2.5
citizen_0782,18-24,suburban,middle,bachelor,administrative,819,12,5.4,4.0,4.8,7.0,5.9
citizen_0783,25-34,small_town,middle,secondary,technical,1667,12,2.7,3.3,5.0,5.4,4.1
citizen_0784,65+,suburban,lower,secondary,creative,332,7,7.1,3.2,4.6,4.1,6.0
citizen_0785,65+,urban_core,lower,bachelor,technical,429,2,6.2,4.8,5.2,6.2,2.7
citizen_0786,25-34,rural,middle,secondary,service,675,8,5.1,4.8,5.5,3.2,6.2
citizen_0787,25-34,urban_peripheral,middle,vocational,healthcare,1786,13,2.3,4.6,5.8,7.2,5.8
citizen_0788,25-34,suburban,middle,secondary,technical,802,10,2.2,4.8,7.1,7.6,6.6
citizen_0789,55-64,small_town,lower,graduate,technical,244,4,5.2,2,5.2,5.6,8
citizen_0790,18-24,urban_core,middle,secondary,service,1867,15,4.3,4.4,3.0,4.6,4.6
citizen_0791,35-44,urban_core,middle,secondary,healthcare,1957,6,4.2,6.9,3.9,7.5,3.9
citizen_0792,65+,urban_peripheral,upper,vocational,education,5502,16,6.0,6.3,6.2,2,5.3
citizen_0793,25-34,small_town,middle,secondary,education,1804,10,4.3,4.3,6.4,4.5,3.5
citizen_0794,25-34,small_town,upper,vocational,trade,7857,21,3.2,4.4,3.1,5.1,5.1
citizen_0795,45-54,urban_peripheral,middle,graduate,technical,1644,12,5.6,5.0,5.1,5.3,5.0
citizen_0796,65+,suburban,upper,secondary,education,9962,21,6.8,2.5,5.5,3.9,6.8
citizen_0797,25-34,urban_peripheral,middle,secondary,technical,1370,10,7.3,7.3,4.4,4.8,5.2
citizen_0798,18-24,small_town,lower,bachelor,creative,176,8,6.4,5.3,5.5,5.3,2.5
citizen_0799,25-34,suburban,middle,graduate,independent,1088,6,3.8,3.8,5.7,5.5,2.7
citizen_0800,25-34,urban_peripheral,upper,secondary,creative,9530,24,7.8,5.2,3.7,2.2,2.3
citizen_0801,35-44,suburban,lower,vocational,technical,416,2,4.1,2,4.4,5.7,5.7
citizen_0802,25-34,rural,lower,graduate,technical,290,7,5.7,3.5,4.2,7.0,5.4
citizen_0803,35-44,suburban,lower,secondary,education,405,2,4.2,6.2,5.2,4.5,4.9
citizen_0804,55-64,urban_core,lower,bachelor,administrative,261,2,4.5,8,3.2,4.2,5.1
citizen_0805,65+,suburban,lower,secondary,trade,166,7,4.6,3.7,5.0,3.9,5.9
citizen_0806,55-64,rural,middle,vocational,technical,577,9,2.4,5.0,7.6,5.4,2.0
citizen_0807,25-34,urban_core,middle,secondary,administrative,830,13,5.4,7.0,3.2,3.5,2.9
citizen_0808,45-54,suburban,middle,bachelor,independent,1899,11,5.3,3.7,3.1,7.3,2.1
citizen_0809,25-34,urban_peripheral,upper,bachelor,independent,9107,10,6.3,5.2,5.1,5.1,3.7
citizen_0810,45-54,suburban,middle,secondary,creative,1470,9,6.8,5.8,4.7,5.5,4.6
citizen_0811,55-64,urban_core,middle,vocational,independent,1894,7,3.4,7.9,5.7,2.6,6.7
citizen_0812,35-44,suburban,middle,bachelor,education,1819,5,6.3,5.8,2.1,5.9,5.4
citizen_0813,55-64,urban_core,lower,graduate,creative,137,3,5.0,5.7,4.0,5.8,6.3
citizen_0814,35-44,small_town,middle,secondary,independent,1313,11,3.0,2.5,4.4,5.1,4.6
citizen_0815,25-34,rural,middle,secondary,independent,1617,7,2,5.6,7.4,6.2,6.1
citizen_0816,65+,rural,lower,secondary,service,209,2,7.6,4.8,7.5,6.0,6.0
citizen_0817,25-34,small_town,lower,graduate,healthcare,141,4,2,5.0,5.9,5.8,5.9
citizen_0818,65+,urban_peripheral,middle,bachelor,healthcare,907,10,5.2,5.5,6.3,4.0,6.2
citizen_0819,65+,urban_peripheral,middle,bachelor,trade,1723,8,4.7,3.6,6.8,4.8,5.1
citizen_0820,18-24,suburban,middle,bachelor,education,1881,11,8,5.3,6.6,4.3,3.9
citizen_0821,25-34,urban_peripheral,middle,vocational,independent,885,11,7.4,3.7,3.5,7.4,5.6
citizen_0822,55-64,urban_peripheral,middle,bachelor,education,1119,9,5.2,5.9,3.4,2,4.0
citizen_0823,45-54,small_town,upper,bachelor,trade,8268,18,6.0,3.8,5.7,3.2,4.5
citizen_0824,18-24,urban_peripheral,lower,bachelor,creative,417,8,3.6,4.6,6.3,3.1,3.9
citizen_0825,18-24,urban_core,lower,graduate,service,378,2,5.5,3.8,4.0,2.5,5.1
citizen_0826,55-64,suburban,middle,graduate,trade,1219,12,5.6,7.5,4.3,4.8,7.3
citizen_0827,35-44,small_town,middle,bachelor,service,1849,9,2.1,7.4,4.0,3.8,4.9
citizen_0828,35-44,urban_peripheral,upper,vocational,service,8718,18,6.3,4.1,5.9,5.1,3.1
citizen_0829,35-44,urban_peripheral,upper,vocational,trade,6734,21,7.0,5.8,7.0,6.3,2.6
citizen_0830,25-34,urban_peripheral,middle,vocational,trade,1794,14,6.5,4.0,4.4,5.3,5.6
citizen_0831,65+,suburban,upper,bachelor,creative,7152,12,3.3,6.0,4.7,6.3,5.9
citizen_0832,18-24,urban_core,middle,vocational,trade,1837,8,7.4,5.4,7.1,4.8,5.2
citizen_0833,25-34,small_town,middle,secondary,healthcare,1808,14,4.1,4.4,4.0,6.9,4.2
citizen_0834,65+,urban_core,lower,vocational,technical,206,5,5.7,5.9,5.3,5.5,6.9
citizen_0835,18-24,small_town,middle,bachelor,technical,1424,7,2.3,5.4,6.5,6.6,3.6
citizen_0836,25-34,rural,lower,secondary,service,367,7,6.0,5.9,2.2,8,4.9
citizen_0837,25-34,rural,lower,bachelor,service,211,2,4.9,2.5,4.7,5.3,6.4
citizen_0838,35-44,urban_peripheral,lower,bachelor,healthcare,353,5,4.9,6.0,7.0,6.3,4.0
citizen_0839,45-54,urban_peripheral,middle,secondary,administrative,1696,14,3.6,3.8,2.1,4.7,6.5
citizen_0840,35-44,small_town,middle,vocational,trade,1380,8,6.2,3.9,4.9,2.2,3.5
citizen_0841,45-54,urban_core,middle,bachelor,independent,1102,14,3.6,5.2,5.3,3.0,4.9
citizen_0842,65+,suburban,middle,vocational,trade,1846,10,5.9,5.2,3.8,7.4,4.6
citizen_0843,35-44,suburban,middle,secondary,service,977,13,5.5,4.8,4.0,3.8,4.5
citizen_0844,18-24,urban_peripheral,lower,secondary,technical,430,5,2.8,4.1,7.6,4.1,4.1
citizen_0845,55-64,urban_peripheral,middle,graduate,administrative,745,6,3.3,6.7,5.5,6.1,5.3
citizen_0846,35-44,urban_peripheral,middle,bachelor,service,1325,5,4.5,7.1,7.8,2,6.0
citizen_0847,65+,urban_core,upper,secondary,technical,4599,19,4.4,2.2,5.5,3.9,5.6
citizen_0848,35-44,rural,middle,secondary,service,1266,14,3.2,6.4,2.2,5.8,5.7
citizen_0849,18-24,urban_peripheral,lower,graduate,technical,145,3,4.8,8.0,4.9,4.8,3.9
citizen_0850,55-64,rural,middle,graduate,service,654,9,7.8,3.8,4.8,7.6,7.8
citizen_0851,35-44,suburban,middle,graduate,creative,804,14,7.3,6.8,4.1,6.0,5.9
citizen_0852,65+,small_town,upper,bachelor,technical,5955,15,3.9,4.8,3.3,5.2,4.5
citizen_0853,18-24,suburban,middle,bachelor,administrative,1513,5,7.5,3.7,2.9,5.2,5.6
citizen_0854,25-34,small_town,middle,bachelor,administrative,1139,12,3.6,5.1,6.0,2.7,3.7
citizen_0855,55-64,urban_peripheral,upper,secondary,administrative,3664,20,4.9,6.3,4.3,3.0,5.6
citizen_0856,25-34,suburban,lower,secondary,technical,114,5,6.8,7.4,5.0,3.9,5.8
citizen_0857,55-64,rural,middle,secondary,technical,1184,5,4.4,4.4,5.8,3.7,6.0
citizen_0858,35-44,small_town,middle,secondary,trade,724,15,5.3,5.9,5.5,6.1,3.6
citizen_0859,18-24,urban_core,lower,secondary,service,241,3,3.9,6.6,3.8,5.1,6.8
citizen_0860,65+,small_town,middle,bachelor,technical,1805,9,5.5,7.7,4.4,3.4,5.5
citizen_0861,55-64,urban_peripheral,lower,secondary,independent,448,2,5.9,4.8,2.1,4.7,4.2
citizen_0862,25-34,urban_core,middle,bachelor,independent,520,14,4.7,5.1,8,4.5,6.2
citizen_0863,35-44,urban_peripheral,middle,secondary,independent,968,13,7.2,7.1,6.8,2,3.1
citizen_0864,45-54,urban_core,middle,graduate,healthcare,1020,10,5.5,3.7,3.6,5.1,2.9
citizen_0865,35-44,suburban,middle,secondary,independent,1341,8,4.4,6.7,6.5,5.0,4.7
citizen_0866,55-64,urban_peripheral,lower,bachelor,trade,420,7,3.4,6.9,6.3,8,2.5
citizen_0867,45-54,rural,upper,vocational,creative,5419,16,2.0,4.8,7.3,6.1,4.0
citizen_0868,35-44,suburban,lower,bachelor,technical,355,7,3.5,5.7,7.6,4.5,4.1
citizen_0869,25-34,suburban,middle,bachelor,creative,584,8,8,4.6,6.2,5.1,4.7
citizen_0870,25-34,suburban,middle,secondary,service,1529,15,3.0,5.9,6.1,5.0,4.3
citizen_0871,65+,suburban,middle,vocational,creative,949,5,6.0,6.0,5.0,4.5,4.7
citizen_0872,45-54,small_town,middle,graduate,trade,1393,15,2.4,6.9,7.6,2.9,4.2
citizen_0873,65+,urban_peripheral,middle,secondary,healthcare,1661,15,4.5,6.3,6.4,4.8,5.6
citizen_0874,45-54,small_town,lower,graduate,technical,318,5,6.0,6.2,3.6,8,4.6
citizen_0875,35-44,rural,middle,secondary,service,1120,8,3.4,6.5,4.6,5.1,2.9
citizen_0876,45-54,rural,middle,bachelor,healthcare,1561,12,7.7,6.0,6.6,6.6,2.5
citizen_0877,65+,urban_core,lower,secondary,education,131,2,5.6,2.7,3.4,2.9,4.1
citizen_0878,55-64,urban_core,middle,graduate,administrative,817,9,3.1,4.8,5.8,4.8,6.7
citizen_0879,55-64,small_town,middle,vocational,administrative,699,8,3.7,5.0,5.0,4.4,4.5
citizen_0880,25-34,small_town,middle,graduate,trade,1620,9,5.7,5.3,2,7.4,6.2
citizen_0881,65+,rural,middle,graduate,technical,1847,8,2.4,3.1,5.9,6.1,7.5
citizen_0882,25-34,small_town,middle,bachelor,independent,1929,6,4.4,7.2,6.7,4.6,4.3
citizen_0883,45-54,suburban,middle,secondary,independent,1833,15,3.7,6.1,6.0,4.7,4.8
citizen_0884,55-64,urban_peripheral,lower,vocational,independent,207,4,6.2,3.9,5.9,5.1,2.0
citizen_0885,65+,urban_peripheral,middle,bachelor,creative,787,9,5.0,3.6,6.9,3.7,7.0
citizen_0886,65+,urban_core,middle,vocational,independent,1577,9,3.8,6.2,3.9,3.3,7.3
citizen_0887,25-34,suburban,middle,vocational,trade,1863,6,3.9,5.3,5.2,4.9,3.9
citizen_0888,45-54,urban_peripheral,middle,secondary,administrative,627,14,7.4,6.9,4.8,3.5,8
citizen_0889,25-34,small_town,lower,graduate,education,457,5,4.4,2.7,3.2,6.2,4.4
citizen_0890,35-44,urban_peripheral,upper,bachelor,administrative,8625,14,5.0,6.6,4.8,6.0,6.4
citizen_0891,18-24,urban_core,lower,vocational,administrative,390,6,7.3,5.8,5.2,7.6,5.1
citizen_0892,65+,rural,middle,bachelor,independent,783,6,5.4,6.0,5.8,3.4,3.0
citizen_0893,35-44,rural,middle,graduate,technical,606,14,7.5,6.3,6.3,6.4,6.0
citizen_0894,45-54,suburban,lower,graduate,healthcare,223,8,3.9,5.9,5.6,4.4,4.6
citizen_0895,45-54,rural,middle,secondary,service,1039,15,6.8,2,4.1,2,3.2
citizen_0896,18-24,suburban,middle,secondary,service,983,12,6.2,6.4,4.7,2,3.4
citizen_0897,18-24,urban_core,upper,vocational,education,2661,25,2.4,8,4.6,3.3,3.8
citizen_0898,45-54,urban_core,lower,bachelor,service,216,2,3.9,5.0,4.0,6.4,5.6
citizen_0899,65+,urban_peripheral,lower,graduate,trade,492,5,2,4.0,2.8,4.5,4.8
citizen_0900,55-64,urban_peripheral,middle,bachelor,technical,619,8,2.0,6.2,6.4,4.8,5.6
citizen_0901,25-34,rural,middle,secondary,service,657,5,6.5,5.3,5.0,4.5,2.3
citizen_0902,25-34,suburban,lower,secondary,administrative,378,3,5.8,5.0,3.2,6.3,4.7
citizen_0903,45-54,urban_peripheral,middle,secondary,independent,1839,8,4.5,4.2,2,5.2,3.8
citizen_0904,45-54,rural,lower,bachelor,technical,170,8,8,6.1,4.4,3.0,4.8
citizen_0905,65+,urban_peripheral,lower,graduate,technical,457,5,6.0,3.1,7.0,7.6,8
citizen_0906,55-64,small_town,middle,secondary,service,1287,12,4.7,7.0,3.8,8,7.7
citizen_0907,18-24,urban_peripheral,middle,bachelor,administrative,565,13,6.1,3.4,6.5,2.8,4.6
citizen_0908,55-64,suburban,upper,vocational,healthcare,5503,9,5.7,3.1,5.1,3.6,5.8
citizen_0909,65+,suburban,middle,vocational,independent,1281,12,3.6,2.9,6.1,5.1,3.8
citizen_0910,55-64,urban_core,upper,secondary,healthcare,5233,9,6.1,2,6.0,5.6,3.7
citizen_0911,55-64,rural,middle,bachelor,service,867,12,4.6,6.4,6.4,4.5,6.1
citizen_0912,45-54,suburban,middle,bachelor,independent,1630,10,3.8,3.5,3.3,6.1,7.8
citizen_0913,65+,suburban,middle,secondary,healthcare,1766,15,6.5,5.5,4.4,4.4,4.4
citizen_0914,18-24,rural,lower,secondary,independent,231,2,4.6,4.8,4.9,4.5,4.7
citizen_0915,55-64,urban_core,upper,secondary,administrative,3942,14,3.9,4.6,5.5,3.3,5.6
citizen_0916,35-44,small_town,middle,graduate,technical,1336,15,3.1,2.6,5.8,6.0,5.3
citizen_0917,35-44,urban_core,upper,secondary,creative,2871,14,3.7,4.2,5.9,6.2,6.6
citizen_0918,65+,rural,middle,graduate,education,1830,6,6.4,4.5,3.1,3.9,6.5
citizen_0919,65+,rural,upper,vocational,trade,6974,23,7.1,4.3,4.8,6.9,3.1
citizen_0920,55-64,urban_peripheral,middle,secondary,healthcare,737,8,6.1,4.3,6.3,2,5.2
citizen_0921,35-44,urban_core,upper,bachelor,education,3888,22,6.3,4.4,4.8,3.9,6.3
citizen_0922,65+,urban_peripheral,lower,graduate,administrative,260,2,5.3,3.5,4.3,4.6,4.9
citizen_0923,18-24,rural,middle,vocational,independent,532,7,6.2,3.3,3.1,7.5,3.2
citizen_0924,25-34,small_town,lower,bachelor,technical,371,5,5.3,5.3,2.9,6.0,5.8
citizen_0925,65+,rural,middle,bachelor,administrative,1712,14,4.9,4.8,4.3,7.6,3.1
citizen_0926,55-64,suburban,upper,secondary,independent,8009,13,6.8,3.9,4.9,3.4,5.1
citizen_0927,55-64,rural,middle,graduate,technical,1429,11,2.7,5.1,5.2,3.1,3.8
citizen_0928,35-44,suburban,lower,bachelor,technical,318,4,5.2,6.7,6.7,5.5,3.2
citizen_0929,35-44,urban_peripheral,lower,secondary,service,365,4,4.7,6.0,2.8,6.0,4.9
citizen_0930,45-54,suburban,middle,secondary,creative,1742,6,5.9,5.8,2.1,6.2,4.2
citizen_0931,65+,urban_peripheral,middle,secondary,creative,900,5,8,8,5.6,6.8,4.5
citizen_0932,45-54,suburban,middle,secondary,trade,746,12,4.8,3.2,5.6,3.9,6.8
citizen_0933,65+,urban_peripheral,middle,secondary,healthcare,956,6,6.5,4.9,4.3,4.6,5.5
citizen_0934,35-44,rural,middle,secondary,technical,1151,8,4.7,3.7,6.4,4.3,7.4
citizen_0935,65+,urban_core,middle,graduate,service,901,9,3.9,5.1,7.0,5.7,4.2
citizen_0936,45-54,small_town,middle,secondary,healthcare,1390,6,6.4,6.6,6.5,6.0,4.8
citizen_0937,45-54,urban_core,middle,bachelor,trade,1215,12,4.0,4.2,3.1,4.3,4.2
citizen_0938,45-54,urban_peripheral,upper,graduate,healthcare,3794,11,4.1,3.5,3.6,3.5,3.8
citizen_0939,65+,small_town,upper,graduate,independent,4613,11,4.7,4.0,7.0,6.3,6.1
citizen_0940,35-44,small_town,middle,secondary,independent,1338,5,3.2,3.6,6.2,5.2,5.6
citizen_0941,45-54,small_town,middle,bachelor,trade,1495,8,7.9,5.6,3.5,5.0,5.5
citizen_0942,35-44,small_town,middle,secondary,administrative,1176,7,4.2,4.6,5.6,7.0,7.0
citizen_0943,45-54,small_town,lower,bachelor,technical,132,7,4.3,5.3,3.7,3.5,7.0
citizen_0944,18-24,urban_peripheral,lower,bachelor,trade,475,3,5.7,4.2,6.0,2,4.5
citizen_0945,65+,rural,lower,secondary,technical,112,3,5.9,2.3,5.0,6.2,5.3
citizen_0946,55-64,urban_core,middle,secondary,trade,1979,11,4.6,4.3,4.9,3.8,5.5
citizen_0947,18-24,urban_peripheral,middle,bachelor,technical,1140,10,5.3,4.8,2.3,5.7,6.9
citizen_0948,35-44,small_town,middle,secondary,administrative,1333,13,8,7.3,3.7,4.3,4.0
citizen_0949,25-34,rural,lower,bachelor,administrative,490,6,5.5,2,8,4.5,2
citizen_0950,55-64,urban_core,middle,bachelor,trade,1791,6,5.2,3.4,4.3,5.1,4.7
citizen_0951,18-24,small_town,lower,graduate,administrative,390,8,5.8,6.3,5.8,6.0,3.4
citizen_0952,25-34,suburban,middle,secondary,education,929,13,5.2,4.6,4.2,3.1,5.8
citizen_0953,65+,urban_peripheral,middle,secondary,education,667,6,4.1,3.3,5.4,2.7,4.2
citizen_0954,35-44,urban_core,lower,secondary,creative,353,3,4.2,4.9,6.0,7.9,7.4
citizen_0955,55-64,rural,middle,secondary,trade,1886,9,7.0,4.0,5.7,3.8,5.5
citizen_0956,45-54,urban_peripheral,middle,secondary,creative,1467,12,4.4,7.2,6.2,2,3.6
citizen_0957,25-34,urban_peripheral,middle,graduate,creative,808,12,6.5,2.2,4.6,6.6,5.1
citizen_0958,18-24,urban_peripheral,upper,secondary,administrative,4871,25,4.4,3.3,4.7,5.5,4.1
citizen_0959,65+,urban_peripheral,middle,secondary,healthcare,1253,14,5.2,4.3,8,2.8,6.1
citizen_0960,55-64,urban_peripheral,upper,bachelor,technical,6279,20,4.4,4.6,5.2,5.9,4.3
citizen_0961,35-44,suburban,middle,bachelor,independent,1760,7,4.7,5.0,5.1,5.1,6.0
citizen_0962,25-34,urban_core,middle,secondary,service,994,13,6.8,7.1,3.5,5.8,4.2
citizen_0963,35-44,suburban,middle,bachelor,healthcare,939,7,7.4,5.7,3.9,6.8,6.0
citizen_0964,65+,small_town,middle,bachelor,independent,552,10,2.4,5.2,4.2,3.2,3.7
citizen_0965,65+,small_town,middle,secondary,administrative,1267,7,5.5,2.7,2.9,5.9,4.5
citizen_0966,65+,suburban,upper,secondary,administrative,6971,16,6.3,5.0,6.2,5.8,4.9
citizen_0967,18-24,urban_core,lower,bachelor,healthcare,467,5,8,4.9,5.5,4.7,4.8
citizen_0968,65+,small_town,middle,bachelor,technical,770,6,5.4,5.1,5.7,4.5,4.7
citizen_0969,35-44,urban_core,upper,secondary,education,7030,8,2,6.5,6.1,6.0,4.9
citizen_0970,35-44,urban_peripheral,middle,vocational,education,1528,7,2,4.6,2.7,6.6,4.7
citizen_0971,55-64,suburban,lower,bachelor,administrative,101,4,4.5,4.4,3.6,3.1,2.8
citizen_0972,25-34,rural,middle,secondary,technical,1711,15,3.5,4.3,5.5,5.4,4.9
citizen_0973,65+,urban_peripheral,middle,graduate,education,1895,15,4.0,2.0,5.8,6.2,4.6
citizen_0974,65+,urban_peripheral,upper,graduate,healthcare,3543,16,7.2,5.8,5.4,5.7,4.6
citizen_0975,65+,small_town,lower,secondary,healthcare,367,5,6.0,6.2,5.8,3.3,7.0
citizen_0976,65+,rural,middle,secondary,trade,1092,8,6.1,6.6,6.6,4.9,3.6
citizen_0977,35-44,suburban,upper,bachelor,technical,9553,11,3.2,4.0,4.9,5.2,6.1
citizen_0978,45-54,small_town,middle,bachelor,education,517,7,4.0,6.1,4.7,4.8,4.4
citizen_0979,35-44,urban_core,middle,bachelor,creative,545,12,3.0,6.1,4.3,4.1,5.2
citizen_0980,65+,small_town,middle,bachelor,trade,583,8,3.9,5.2,4.7,3.0,3.5
citizen_0981,55-64,small_town,upper,bachelor,trade,6196,13,5.2,5.6,2,4.7,5.2
citizen_0982,65+,rural,upper,vocational,administrative,2741,17,6.9,4.4,6.4,6.7,5.1
citizen_0983,65+,small_town,lower,secondary,creative,257,2,4.5,2.9,5.5,5.3,5.9
citizen_0984,25-34,urban_peripheral,upper,bachelor,creative,7627,20,3.8,2.3,3.8,6.2,4.1
citizen_0985,55-64,small_town,upper,bachelor,administrative,3094,20,6.4,5.1,4.3,6.8,6.8
citizen_0986,65+,small_town,upper,graduate,trade,3460,15,3.6,4.7,3.1,2,8
citizen_0987,35-44,rural,middle,graduate,trade,933,9,5.5,6.9,3.9,5.6,5.7
citizen_0988,35-44,small_town,middle,bachelor,creative,835,11,4.7,6.4,5.2,4.6,6.5
citizen_0989,55-64,urban_core,middle,bachelor,education,526,7,4.6,4.7,4.4,6.8,2.9
citizen_0990,35-44,small_town,middle,bachelor,service,1799,6,2,5.3,2.9,6.5,4.6
citizen_0991,45-54,suburban,middle,bachelor,independent,867,11,6.1,4.3,2.2,5.7,4.9
citizen_0992,45-54,urban_peripheral,middle,bachelor,service,1432,11,3.2,8.0,4.2,4.5,5.9
citizen_0993,18-24,small_town,lower,secondary,independent,272,7,2.8,2.9,7.3,4.6,3.9
citizen_0994,25-34,urban_peripheral,middle,bachelor,healthcare,575,13,4.8,5.2,4.0,6.9,3.8
citizen_0995,55-64,urban_core,lower,secondary,creative,334,7,4.2,4.7,2.9,3.9,5.5
citizen_0996,55-64,rural,upper,vocational,independent,2829,20,6.3,5.3,7.0,5.5,4.6
citizen_0997,45-54,suburban,middle,secondary,trade,663,11,2.3,4.2,5.6,5.0,2.6
citizen_0998,65+,suburban,middle,bachelor,administrative,1911,7,4.8,4.6,4.1,4.5,6.1
citizen_0999,25-34,urban_peripheral,middle,bachelor,healthcare,766,9,4.5,4.8,6.5,6.5,5.2
